_info,unitPrice,skuId,meterId
"SQL Database Single/Elastic Pool General Purpose - Compute DC-Series, 1 vCore, vCore, SQL Database, Databases, 1 Hour, Consumption",0.396,DZH318Z08M0H/007S,2da6c0c4-d0c2-526d-ae6c-3b287d07cf1b
"SQL Database Single/Elastic Pool General Purpose - Compute DC-Series, 1 vCore, vCore, SQL Database, Databases, 1 Hour, Consumption",0.396,DZH318Z08M0H/0090,04a291fd-35c5-5fc1-88d8-81f8c76e366c
"SQL Database Single Premium, P11 Secondary, P11 Secondary DTU, SQL Database, Databases, 1/Day, Consumption",169.36,DZH318Z0BQHC/00VW,2cf60c40-2347-4e28-8ac9-a8eba2c6c6f9
"SQL Database - LTR Backup Storage, Backup RA-GZRS, Backup RA-GZRS Data Stored, SQL Database, Databases, 1 GB/Month, Consumption",0.101,DZH318Z0BQFJ/00B2,2c7b34e9-663b-57bd-aa46-9aaec054816e
"SQL Database - LTR Backup Storage, Backup LRS, Backup LRS Data Stored, SQL Database, Databases, 1 GB/Month, Consumption",0.0298,DZH318Z0BQFJ/001F,2bd064a8-cee6-499e-9b57-389b90ac3f67
"SQL Database Single/Elastic Pool PITR Backup Storage, Backup RA-GRS, RA-GRS Data Stored, SQL Database, Databases, 1 GB/Month, Consumption",0.238,DZH318Z0BXWX/0022,046622fe-6e88-490e-b885-f3328d56b382
"SQL Database Single Premium, P6, P6 DTU, SQL Database, Databases, 1/Day, Consumption",120.0,DZH318Z0BQHC/00L9,2a8f5aeb-d518-4417-a262-f168e3204a84
"SQL Database Single Premium, P1 Secondary, P1 Secondary DTU, SQL Database, Databases, 1/Day, Consumption",11.25,DZH318Z0BQHC/00P0,29d77a31-e360-483b-a3b3-3b4f3f05bc38
"SQL Database SingleDB/Elastic Pool Hyperscale - Compute Gen5, 6 vCore, vCore, SQL Database, Databases, 1 Hour, Consumption, SQLDB_HS_Compute_Gen5_6",1.205556,DZH318Z0BXXX/01B8,0443a95d-d288-4277-9edb-97dcae9a9491
"SQL Database SingleDB/Elastic Pool Hyperscale - Compute Gen5, 18 vCore, vCore, SQL Database, Databases, 1 Hour, Consumption, SQLDB_HS_Compute_Gen5_18",3.616668,DZH318Z0BXXX/01BD,0443a95d-d288-4277-9edb-97dcae9a9491
"SQL Database SingleDB/Elastic Pool Hyperscale - Compute Gen5, 4 vCore, vCore, SQL Database, Databases, 1 Hour, Consumption, SQLDB_HS_Compute_Gen5_4",0.803704,DZH318Z0BXXX/0032,0443a95d-d288-4277-9edb-97dcae9a9491
"SQL Database SingleDB/Elastic Pool Hyperscale - Compute Gen5, 10 vCore, vCore, SQL Database, Databases, 1 Hour, Consumption, SQLDB_HS_Compute_Gen5_10",2.00926,DZH318Z0BXXX/01B9,0443a95d-d288-4277-9edb-97dcae9a9491
"SQL Database SingleDB/Elastic Pool Hyperscale - Compute Gen5, 12 vCore, vCore, SQL Database, Databases, 1 Hour, Consumption, SQLDB_HS_Compute_Gen5_12",2.411112,DZH318Z0BXXX/01BC,0443a95d-d288-4277-9edb-97dcae9a9491
"SQL Database SingleDB/Elastic Pool Hyperscale - Compute Gen5, 1 vCore, vCore, SQL Database, Databases, 1 Hour, Consumption, SQLDB_HS_Compute_Gen5_1",0.200926,DZH318Z0BXXX/0036,0443a95d-d288-4277-9edb-97dcae9a9491
"SQL Database SingleDB/Elastic Pool Hyperscale - Compute Gen5, 16 vCore, vCore, SQL Database, Databases, 1 Hour, Consumption, SQLDB_HS_Compute_Gen5_16",3.214816,DZH318Z0BXXX/0097,0443a95d-d288-4277-9edb-97dcae9a9491
"SQL Database SingleDB/Elastic Pool Hyperscale - Compute Gen5, vCore, vCore, SQL Database, Databases, 1 Hour, Reservation, SQLDB_HyperScale_Compute_Gen5, 3 Years",2376.0,DZH318Z0BXXX/010Q,0443a95d-d288-4277-9edb-97dcae9a9491
"SQL Database SingleDB/Elastic Pool Hyperscale - Compute Gen5, 48 vCore, vCore, SQL Database, Databases, 1 Hour, Consumption, SQLDB_HS_Compute_Gen5_48",9.644448,DZH318Z0BXXX/0077,0443a95d-d288-4277-9edb-97dcae9a9491
"SQL Database SingleDB/Elastic Pool Hyperscale - Compute Gen5, 32 vCore, vCore, SQL Database, Databases, 1 Hour, Consumption, SQLDB_HS_Compute_Gen5_32",6.429632,DZH318Z0BXXX/0060,0443a95d-d288-4277-9edb-97dcae9a9491
"SQL Database SingleDB/Elastic Pool Hyperscale - Compute Gen5, 40 vCore, vCore, SQL Database, Databases, 1 Hour, Consumption, SQLDB_HS_Compute_Gen5_40",8.03704,DZH318Z0BXXX/01BG,0443a95d-d288-4277-9edb-97dcae9a9491
"SQL Database SingleDB/Elastic Pool Hyperscale - Compute Gen5, 2 vCore, vCore, SQL Database, Databases, 1 Hour, Consumption, SQLDB_HS_Compute_Gen5_2",0.401852,DZH318Z0BXXX/003B,0443a95d-d288-4277-9edb-97dcae9a9491
"SQL Database SingleDB/Elastic Pool Hyperscale - Compute Gen5, 24 vCore, vCore, SQL Database, Databases, 1 Hour, Consumption, SQLDB_HS_Compute_Gen5_24",4.822224,DZH318Z0BXXX/0078,0443a95d-d288-4277-9edb-97dcae9a9491
"SQL Database SingleDB/Elastic Pool Hyperscale - Compute Gen5, 20 vCore, vCore, SQL Database, Databases, 1 Hour, Consumption, SQLDB_HS_Compute_Gen5_20",4.01852,DZH318Z0BXXX/01BB,0443a95d-d288-4277-9edb-97dcae9a9491
"SQL Database SingleDB/Elastic Pool Hyperscale - Compute Gen5, 80 vCore, vCore, SQL Database, Databases, 1 Hour, Consumption, SQLDB_HS_Compute_Gen5_80",16.07408,DZH318Z0BXXX/003D,0443a95d-d288-4277-9edb-97dcae9a9491
"SQL Database SingleDB/Elastic Pool Hyperscale - Compute Gen5, 8 vCore, vCore, SQL Database, Databases, 1 Hour, Consumption, SQLDB_HS_Compute_Gen5_8",1.607408,DZH318Z0BXXX/00BX,0443a95d-d288-4277-9edb-97dcae9a9491
"SQL Database SingleDB/Elastic Pool Hyperscale - Compute Gen5, vCore, vCore, SQL Database, Databases, 1 Hour, Consumption, SQLDB_HyperScale_Compute_Gen5",0.200926,DZH318Z0BXXX/0031,0443a95d-d288-4277-9edb-97dcae9a9491
"SQL Database SingleDB/Elastic Pool Hyperscale - Compute Gen5, vCore, vCore, SQL Database, Databases, 1 Hour, Reservation, SQLDB_HyperScale_Compute_Gen5, 1 Year",1144.0,DZH318Z0BXXX/010R,0443a95d-d288-4277-9edb-97dcae9a9491
"SQL Database SingleDB/Elastic Pool Hyperscale - Compute Gen5, 14 vCore, vCore, SQL Database, Databases, 1 Hour, Consumption, SQLDB_HS_Compute_Gen5_14",2.812964,DZH318Z0BXXX/01BF,0443a95d-d288-4277-9edb-97dcae9a9491
"SQL Database Single Premium RS, PRS2, PRS2 DTU, SQL Database, Databases, 1/Day, Consumption",7.5,DZH318Z0BQH0/00LV,295278f9-a44f-489c-a20c-171c28a7683d
"SQL Database Single/Elastic Pool Business Critical - Storage, Business Critical, Business Critical IO Rate Operations, SQL Database, Databases, 1M, Consumption",0.238,DZH318Z0BQDS/000R,2929d6d1-c8df-4375-ba27-fb6960b77a3f
"SQL Database Single Premium RS, PRS6 Secondary Active, PRS6 Secondary Active DTU, SQL Database, Databases, 1/Day, Consumption",30.0,DZH318Z0BQH0/00MG,2694c060-6920-4883-89c6-0e51d6f6f7a6
"SQL Database Single/Elastic Pool General Purpose - Compute DC-Series, 2 vCore, vCore, SQL Database, Databases, 1 Hour, Consumption",0.792,DZH318Z08M0H/007L,21ba2559-e85e-5aff-9a50-86b5791b25eb
"SQL Database Single/Elastic Pool General Purpose - Compute Gen5, 48 vCore, vCore, SQL Database, Databases, 1 Hour, Consumption, SQLDB_GP_Compute_Gen5_48",8.037072,DZH318Z0BPXL/00HL,1cd4ee5b-2b55-4dd9-b3d9-ae1b22af74b0
"SQL Database Single/Elastic Pool General Purpose - Compute Gen5, 10 vCore, vCore, SQL Database, Databases, 1 Hour, Consumption, SQLDB_GP_Compute_Gen5_10",1.67439,DZH318Z0BPXL/02L2,1cd4ee5b-2b55-4dd9-b3d9-ae1b22af74b0
"SQL Database Single/Elastic Pool General Purpose - Compute Gen5, 1 vCore, vCore, SQL Database, Databases, 1 Hour, Consumption, SQLDB_GP_Compute_Gen5_1",0.167439,DZH318Z0BPXL/00ZL,1cd4ee5b-2b55-4dd9-b3d9-ae1b22af74b0
"SQL Database Single/Elastic Pool General Purpose - Compute Gen5, 20 vCore, vCore, SQL Database, Databases, 1 Hour, Consumption, SQLDB_GP_Compute_Gen5_20",3.34878,DZH318Z0BPXL/02L6,1cd4ee5b-2b55-4dd9-b3d9-ae1b22af74b0
"SQL Database Single/Elastic Pool General Purpose - Compute Gen5, 8 vCore, vCore, SQL Database, Databases, 1 Hour, Consumption, SQLDB_GP_Compute_Gen5_8",1.339512,DZH318Z0BPXL/005H,1cd4ee5b-2b55-4dd9-b3d9-ae1b22af74b0
"SQL Database Single/Elastic Pool General Purpose - Compute Gen5, 80 vCore, vCore, SQL Database, Databases, 1 Hour, Consumption, SQLDB_GP_Compute_Gen5_80",13.39512,DZH318Z0BPXL/00ZK,1cd4ee5b-2b55-4dd9-b3d9-ae1b22af74b0
"SQL Database Single/Elastic Pool General Purpose - Compute Gen5, 32 vCore, vCore, SQL Database, Databases, 1 Hour, Consumption, SQLDB_GP_Compute_Gen5_32",5.358048,DZH318Z0BPXL/009B,1cd4ee5b-2b55-4dd9-b3d9-ae1b22af74b0
"SQL Database Single/Elastic Pool General Purpose - Compute Gen5, 12 vCore, vCore, SQL Database, Databases, 1 Hour, Consumption, SQLDB_GP_Compute_Gen5_12",2.009268,DZH318Z0BPXL/02L0,1cd4ee5b-2b55-4dd9-b3d9-ae1b22af74b0
"SQL Database Single/Elastic Pool General Purpose - Compute Gen5, 6 vCore, vCore, SQL Database, Databases, 1 Hour, Consumption, SQLDB_GP_Compute_Gen5_6",1.004634,DZH318Z0BPXL/02L4,1cd4ee5b-2b55-4dd9-b3d9-ae1b22af74b0
"SQL Database Single/Elastic Pool General Purpose - Compute Gen5, 48 vCore, vCore, SQL Database, Databases, 1 Hour, Consumption, SQLDB_GP_Compute_Gen5_48",8.037072,DZH318Z0BPXL/006R,1cd4ee5b-2b55-4dd9-b3d9-ae1b22af74b0
"SQL Database Single/Elastic Pool General Purpose - Compute Gen5, 2 vCore, vCore, SQL Database, Databases, 1 Hour, Consumption, SQLDB_GP_Compute_Gen5_2",0.334878,DZH318Z0BPXL/00FP,1cd4ee5b-2b55-4dd9-b3d9-ae1b22af74b0
"SQL Database Single/Elastic Pool General Purpose - Compute Gen5, 80 vCore, vCore, SQL Database, Databases, 1 Hour, Consumption, SQLDB_GP_Compute_Gen5_80",13.39512,DZH318Z0BPXL/00Z9,1cd4ee5b-2b55-4dd9-b3d9-ae1b22af74b0
"SQL Database Single/Elastic Pool General Purpose - Compute Gen5, 1 vCore, vCore, SQL Database, Databases, 1 Hour, Consumption, SQLDB_GP_Compute_Gen5_1",0.167439,DZH318Z0BPXL/00Z8,1cd4ee5b-2b55-4dd9-b3d9-ae1b22af74b0
"SQL Database Single/Elastic Pool General Purpose - Compute Gen5, 18 vCore, vCore, SQL Database, Databases, 1 Hour, Consumption, SQLDB_GP_Compute_Gen5_18",3.013902,DZH318Z0BPXL/02L9,1cd4ee5b-2b55-4dd9-b3d9-ae1b22af74b0
"SQL Database Single/Elastic Pool General Purpose - Compute Gen5, 10 vCore, vCore, SQL Database, Databases, 1 Hour, Consumption, SQLDB_GP_Compute_Gen5_10",1.67439,DZH318Z0BPXL/02L8,1cd4ee5b-2b55-4dd9-b3d9-ae1b22af74b0
"SQL Database Single/Elastic Pool General Purpose - Compute Gen5, 32 vCore, vCore, SQL Database, Databases, 1 Hour, Consumption, SQLDB_GP_Compute_Gen5_32",5.358048,DZH318Z0BPXL/00M3,1cd4ee5b-2b55-4dd9-b3d9-ae1b22af74b0
"SQL Database Single/Elastic Pool General Purpose - Compute Gen5, 2 vCore, vCore, SQL Database, Databases, 1 Hour, Consumption, SQLDB_GP_Compute_Gen5_2",0.334878,DZH318Z0BPXL/00P4,1cd4ee5b-2b55-4dd9-b3d9-ae1b22af74b0
"SQL Database Single/Elastic Pool General Purpose - Compute Gen5, 40 vCore, vCore, SQL Database, Databases, 1 Hour, Consumption, SQLDB_GP_Compute_Gen5_40",6.69756,DZH318Z0BPXL/02KX,1cd4ee5b-2b55-4dd9-b3d9-ae1b22af74b0
"SQL Database Single/Elastic Pool General Purpose - Compute Gen5, 14 vCore, vCore, SQL Database, Databases, 1 Hour, Consumption, SQLDB_GP_Compute_Gen5_14",2.344146,DZH318Z0BPXL/02LB,1cd4ee5b-2b55-4dd9-b3d9-ae1b22af74b0
"SQL Database Single/Elastic Pool General Purpose - Compute Gen5, 18 vCore, vCore, SQL Database, Databases, 1 Hour, Consumption, SQLDB_GP_Compute_Gen5_18",3.013902,DZH318Z0BPXL/02KV,1cd4ee5b-2b55-4dd9-b3d9-ae1b22af74b0
"SQL Database Single/Elastic Pool General Purpose - Compute Gen5, 12 vCore, vCore, SQL Database, Databases, 1 Hour, Consumption, SQLDB_GP_Compute_Gen5_12",2.009268,DZH318Z0BPXL/02L7,1cd4ee5b-2b55-4dd9-b3d9-ae1b22af74b0
"SQL Database Single/Elastic Pool General Purpose - Compute Gen5, 40 vCore, vCore, SQL Database, Databases, 1 Hour, Consumption, SQLDB_GP_Compute_Gen5_40",6.69756,DZH318Z0BPXL/02L5,1cd4ee5b-2b55-4dd9-b3d9-ae1b22af74b0
"SQL Database Single/Elastic Pool General Purpose - Compute Gen5, 24 vCore, vCore, SQL Database, Databases, 1 Hour, Consumption, SQLDB_GP_Compute_Gen5_24",4.018536,DZH318Z0BPXL/00SS,1cd4ee5b-2b55-4dd9-b3d9-ae1b22af74b0
"SQL Database Single/Elastic Pool General Purpose - Compute Gen5, 8 vCore, vCore, SQL Database, Databases, 1 Hour, Consumption, SQLDB_GP_Compute_Gen5_8",1.339512,DZH318Z0BPXL/003M,1cd4ee5b-2b55-4dd9-b3d9-ae1b22af74b0
"SQL Database Single/Elastic Pool General Purpose - Compute Gen5, 6 vCore, vCore, SQL Database, Databases, 1 Hour, Consumption, SQLDB_GP_Compute_Gen5_6",1.004634,DZH318Z0BPXL/02KQ,1cd4ee5b-2b55-4dd9-b3d9-ae1b22af74b0
"SQL Database Single/Elastic Pool General Purpose - Compute Gen5, 14 vCore, vCore, SQL Database, Databases, 1 Hour, Consumption, SQLDB_GP_Compute_Gen5_14",2.344146,DZH318Z0BPXL/02KT,1cd4ee5b-2b55-4dd9-b3d9-ae1b22af74b0
"SQL Database Single/Elastic Pool General Purpose - Compute Gen5, vCore, vCore, SQL Database, Databases, 1 Hour, Consumption, SQLDB_GP_Compute_Gen5",0.167439,DZH318Z0BPXL/003F,1cd4ee5b-2b55-4dd9-b3d9-ae1b22af74b0
"SQL Database Single/Elastic Pool General Purpose - Compute Gen5, 4 vCore, vCore, SQL Database, Databases, 1 Hour, Consumption, SQLDB_GP_Compute_Gen5_4",0.669756,DZH318Z0BPXL/00LX,1cd4ee5b-2b55-4dd9-b3d9-ae1b22af74b0
"SQL Database Single/Elastic Pool General Purpose - Compute Gen5, 16 vCore, vCore, SQL Database, Databases, 1 Hour, Consumption, SQLDB_GP_Compute_Gen5_16",2.679024,DZH318Z0BPXL/00FG,1cd4ee5b-2b55-4dd9-b3d9-ae1b22af74b0
"SQL Database Single/Elastic Pool General Purpose - Compute Gen5, 24 vCore, vCore, SQL Database, Databases, 1 Hour, Consumption, SQLDB_GP_Compute_Gen5_24",4.018536,DZH318Z0BPXL/00V0,1cd4ee5b-2b55-4dd9-b3d9-ae1b22af74b0
"SQL Database Single/Elastic Pool General Purpose - Compute Gen5, 20 vCore, vCore, SQL Database, Databases, 1 Hour, Consumption, SQLDB_GP_Compute_Gen5_20",3.34878,DZH318Z0BPXL/02KW,1cd4ee5b-2b55-4dd9-b3d9-ae1b22af74b0
"SQL Database Single/Elastic Pool General Purpose - Compute Gen5, 16 vCore, vCore, SQL Database, Databases, 1 Hour, Consumption, SQLDB_GP_Compute_Gen5_16",2.679024,DZH318Z0BPXL/00QR,1cd4ee5b-2b55-4dd9-b3d9-ae1b22af74b0
"SQL Database Single/Elastic Pool General Purpose - Compute Gen5, 4 vCore, vCore, SQL Database, Databases, 1 Hour, Consumption, SQLDB_GP_Compute_Gen5_4",0.669756,DZH318Z0BPXL/007V,1cd4ee5b-2b55-4dd9-b3d9-ae1b22af74b0
"SQL Database Single Premium RS, PRS1 Secondary Active, PRS1 Secondary Active DTU, SQL Database, Databases, 1/Day, Consumption",3.75,DZH318Z0BQH0/00M6,ff4915fd-280d-4668-9265-d5ddb30b69cf
"SQL Database Single Standard, S0 Secondary Active, S0 Secondary Active DTUs, SQL Database, Databases, 1/Day, Consumption",0.4839,DZH318Z0BQHF/00LG,fed0286c-5505-4f37-b1ef-89edf04239ee
"SQL Database SingleDB Hyperscale - Storage, Backup - ZRS, Backup - ZRS Data Stored, SQL Database, Databases, 1 GB/Month, Consumption",0.119,DZH318Z0BXWT/01K0,f6bafd14-777e-540c-9816-1ae028bf7361
"SQL Database - LTR Backup Storage, Backup RA-GRS, Backup RA-GRS Data Stored, SQL Database, Databases, 1 GB/Month, Consumption",0.0595,DZH318Z0BQFJ/003T,f459240c-8fe3-4c30-976a-d97c6e58f917
"SQL Database Single Standard, S2, S2 DTUs, SQL Database, Databases, 1/Day, Consumption",2.42,DZH318Z0BQHF/017X,f303a21a-05f1-4563-b2ad-7523eebc4058
"SQL Database Single Premium, P2 Secondary, P2 Secondary DTU, SQL Database, Databases, 1/Day, Consumption",22.5,DZH318Z0BQHC/0130,f0076a96-54c4-4254-9a42-a56fa2c086f5
"SQL Database Elastic Pool - Basic, 400 DTU Pack, eDTUs, SQL Database, Databases, 1/Day, Consumption",19.36,DZH318Z0BQHM/00BW,ed5ea410-f2d6-45fa-9fcc-5ff1621c874d
"SQL Database Elastic Pool - Basic, 800 DTU Pack, eDTUs, SQL Database, Databases, 1/Day, Consumption",38.72,DZH318Z0BQHM/008V,ed5ea410-f2d6-45fa-9fcc-5ff1621c874d
"SQL Database Elastic Pool - Basic, 300 DTU Pack, eDTUs, SQL Database, Databases, 1/Day, Consumption",14.52,DZH318Z0BQHM/00CS,ed5ea410-f2d6-45fa-9fcc-5ff1621c874d
"SQL Database Elastic Pool - Basic, 200 DTU Pack, eDTUs, SQL Database, Databases, 1/Day, Consumption",9.68,DZH318Z0BQHM/008X,ed5ea410-f2d6-45fa-9fcc-5ff1621c874d
"SQL Database Elastic Pool - Basic, 100 DTU Pack, eDTUs, SQL Database, Databases, 1/Day, Consumption",4.84,DZH318Z0BQHM/008S,ed5ea410-f2d6-45fa-9fcc-5ff1621c874d
"SQL Database Elastic Pool - Basic, 1200 DTU Pack, eDTUs, SQL Database, Databases, 1/Day, Consumption",58.08,DZH318Z0BQHM/0090,ed5ea410-f2d6-45fa-9fcc-5ff1621c874d
"SQL Database Elastic Pool - Basic, 1 DTU, eDTUs, SQL Database, Databases, 1/Day, Consumption",0.0484,DZH318Z0BQHM/0094,ed5ea410-f2d6-45fa-9fcc-5ff1621c874d
"SQL Database Elastic Pool - Basic, 1600 DTU Pack, eDTUs, SQL Database, Databases, 1/Day, Consumption",77.44,DZH318Z0BQHM/0095,ed5ea410-f2d6-45fa-9fcc-5ff1621c874d
"SQL Database Elastic Pool - Basic, 50 DTU Pack, eDTUs, SQL Database, Databases, 1/Day, Consumption",2.42,DZH318Z0BQHM/00BD,ed5ea410-f2d6-45fa-9fcc-5ff1621c874d
"SQL Database Single General Purpose - Serverless - Compute Gen5, 8 vCore, 8 vCore - Free, SQL Database, Databases, 1 Hour, Consumption",0.0,DZH318Z0C124/00CG,e8fc3d27-e917-5275-b7d8-90fa488b629b
"SQL Database - LTR Backup Storage, Backup ZRS, Backup ZRS Data Stored, SQL Database, Databases, 1 GB/Month, Consumption",0.0372,DZH318Z0BQFJ/003V,df443c72-5fe8-4c26-84ba-1eb967f4e138
"SQL Database Single General Purpose - Serverless - Compute Gen5, 1 vCore, 1 vCore - Free, SQL Database, Databases, 1 Hour, Consumption",0.0,DZH318Z0C124/00CN,de19ec23-bd06-53d3-8f4b-3607d8591ac4
"SQL Database SingleDB Hyperscale - Storage, Hyperscale, Hyperscale Data Stored, SQL Database, Databases, 1 GB/Month, Consumption",0.119,DZH318Z0BXWT/000M,dab1cf40-67c5-43bd-84d4-5b22f2b0a3b4
"SQL Database SingleDB Hyperscale – Serverless – Compute Gen5, 48 vCore, vCore, SQL Database, Databases, 1 Hour, Consumption, 48 vCore",0.761,DZH318Z09PHV/00B4,d666c270-6926-5fbb-8331-98b146bfcb82
"SQL Database SingleDB Hyperscale – Serverless – Compute Gen5, 80 vCore, vCore, SQL Database, Databases, 1 Hour, Consumption, 80 vCore",0.761,DZH318Z09PHV/007K,d666c270-6926-5fbb-8331-98b146bfcb82
"SQL Database SingleDB Hyperscale – Serverless – Compute Gen5, 1 vCore, vCore, SQL Database, Databases, 1 Hour, Consumption, 1 vCore",0.761,DZH318Z09PHV/00FJ,d666c270-6926-5fbb-8331-98b146bfcb82
"SQL Database SingleDB Hyperscale – Serverless – Compute Gen5, 16 vCore, vCore, SQL Database, Databases, 1 Hour, Consumption, 16 vCore",0.761,DZH318Z09PHV/008D,d666c270-6926-5fbb-8331-98b146bfcb82
"SQL Database SingleDB Hyperscale – Serverless – Compute Gen5, 4 vCore, vCore, SQL Database, Databases, 1 Hour, Consumption, 4 vCore",0.761,DZH318Z09PHV/00C0,d666c270-6926-5fbb-8331-98b146bfcb82
"SQL Database SingleDB Hyperscale – Serverless – Compute Gen5, 8 vCore, vCore, SQL Database, Databases, 1 Hour, Consumption, 8 vCore",0.761,DZH318Z09PHV/00BC,d666c270-6926-5fbb-8331-98b146bfcb82
"SQL Database SingleDB Hyperscale – Serverless – Compute Gen5, 24 vCore, vCore, SQL Database, Databases, 1 Hour, Consumption, 24 vCore",0.761,DZH318Z09PHV/00D3,d666c270-6926-5fbb-8331-98b146bfcb82
"SQL Database SingleDB Hyperscale – Serverless – Compute Gen5, 2 vCore, vCore, SQL Database, Databases, 1 Hour, Consumption, 2 vCore",0.761,DZH318Z09PHV/00DB,d666c270-6926-5fbb-8331-98b146bfcb82
"SQL Database SingleDB Hyperscale – Serverless – Compute Gen5, 32 vCore, vCore, SQL Database, Databases, 1 Hour, Consumption, 32 vCore",0.761,DZH318Z09PHV/00CL,d666c270-6926-5fbb-8331-98b146bfcb82
"SQL Database Single Standard, S1 Secondary, S1 Secondary DTUs, SQL Database, Databases, 1/Day, Consumption",0.73,DZH318Z0BQHF/00LV,d4a1726f-2b95-4355-9907-b6b2123f8a37
"SQL Database Single Premium, P1, P1 DTU, SQL Database, Databases, 1/Day, Consumption",15.0,DZH318Z0BQHC/00NX,ce1e156d-8253-42f4-bb9e-409708366fea
"SQL Database Single Basic, B, B DTU, SQL Database, Databases, 1/Day, Consumption",0.161,DZH318Z0BQGZ/004K,cae64797-9ecf-4906-b517-6238c80c045f
"SQL Database Single Standard, S1 Secondary Active, S1 Secondary Active DTUs, SQL Database, Databases, 1/Day, Consumption",0.9677,DZH318Z0BQHF/00LW,c93b3016-1dfe-4347-a67c-1bc6a1ffcd36
"SQL Database Standard - Storage, Standard, Data Stored, SQL Database, Databases, 1 GB/Month, Consumption",0.221,DZH318Z0BQDT/000T,c8e7a8a0-7be2-4e4b-945a-6f23b880dc13
"SQL Database Single/Elastic Pool General Purpose - Compute DC-Series, 4 vCore, vCore, SQL Database, Databases, 1 Hour, Consumption",1.583,DZH318Z08M0H/00GC,c8e243b4-7abb-5378-97e0-bd43c1d83b13
"SQL Database Single General Purpose - Serverless - Compute Gen5, 80 vCore, 80 vCore - Free, SQL Database, Databases, 1 Hour, Consumption",0.0,DZH318Z0C124/00CJ,c854a75c-a65b-50f5-8fc9-978c32bbb206
"SQL Database Elastic Pool - Standard, 50 DTU Pack, eDTUs, SQL Database, Databases, 1/Day, Consumption",3.625,DZH318Z0BQHP/00CZ,c61d4186-f542-4ddc-af12-68e97afef4b1
"SQL Database Elastic Pool - Standard, 1200 DTU Pack, eDTUs, SQL Database, Databases, 1/Day, Consumption",87.0,DZH318Z0BQHP/00BL,c61d4186-f542-4ddc-af12-68e97afef4b1
"SQL Database Elastic Pool - Standard, 200 DTU Pack, eDTUs, SQL Database, Databases, 1/Day, Consumption",14.5,DZH318Z0BQHP/00CJ,c61d4186-f542-4ddc-af12-68e97afef4b1
"SQL Database Elastic Pool - Standard, 3000 DTU Pack, eDTUs, SQL Database, Databases, 1/Day, Consumption",217.5,DZH318Z0BQHP/00FH,c61d4186-f542-4ddc-af12-68e97afef4b1
"SQL Database Elastic Pool - Standard, 300 DTU Pack, eDTUs, SQL Database, Databases, 1/Day, Consumption",21.75,DZH318Z0BQHP/00FX,c61d4186-f542-4ddc-af12-68e97afef4b1
"SQL Database Elastic Pool - Standard, 800 DTU Pack, eDTUs, SQL Database, Databases, 1/Day, Consumption",58.0,DZH318Z0BQHP/00BQ,c61d4186-f542-4ddc-af12-68e97afef4b1
"SQL Database Elastic Pool - Standard, 2500 DTU Pack, eDTUs, SQL Database, Databases, 1/Day, Consumption",181.25,DZH318Z0BQHP/00GN,c61d4186-f542-4ddc-af12-68e97afef4b1
"SQL Database Elastic Pool - Standard, 2000 DTU Pack, eDTUs, SQL Database, Databases, 1/Day, Consumption",145.0,DZH318Z0BQHP/00HB,c61d4186-f542-4ddc-af12-68e97afef4b1
"SQL Database Elastic Pool - Standard, 1 DTU, eDTUs, SQL Database, Databases, 1/Day, Consumption",0.0725,DZH318Z0BQHP/00BM,c61d4186-f542-4ddc-af12-68e97afef4b1
"SQL Database Elastic Pool - Standard, 400 DTU Pack, eDTUs, SQL Database, Databases, 1/Day, Consumption",29.0,DZH318Z0BQHP/00FM,c61d4186-f542-4ddc-af12-68e97afef4b1
"SQL Database Elastic Pool - Standard, 1600 DTU Pack, eDTUs, SQL Database, Databases, 1/Day, Consumption",116.0,DZH318Z0BQHP/00BV,c61d4186-f542-4ddc-af12-68e97afef4b1
"SQL Database Elastic Pool - Standard, 100 DTU Pack, eDTUs, SQL Database, Databases, 1/Day, Consumption",7.25,DZH318Z0BQHP/00BJ,c61d4186-f542-4ddc-af12-68e97afef4b1
"SQL Database Single/Elastic Pool General Purpose - Compute DC-Series, 4 vCore, vCore, SQL Database, Databases, 1 Hour, Consumption",1.583,DZH318Z08M0H/007J,c4386d37-be60-522f-8b60-8b8fe7c773c7
"SQL Database Single General Purpose - Serverless - Compute DC-Series, 6 vCore, vCore, SQL Database, Databases, 1 Hour, Consumption",5.516,DZH318Z08M0J/00BL,c1ba9fcc-4448-507c-8fe0-076f1d50fa1f
"SQL Database Single General Purpose - Serverless - Compute DC-Series, 4 vCore, vCore, SQL Database, Databases, 1 Hour, Consumption",3.677,DZH318Z08M0J/00BQ,c1ba9fcc-4448-507c-8fe0-076f1d50fa1f
"SQL Database Single General Purpose - Serverless - Compute DC-Series, 2 vCore, vCore, SQL Database, Databases, 1 Hour, Consumption",1.839,DZH318Z08M0J/00BP,c1ba9fcc-4448-507c-8fe0-076f1d50fa1f
"SQL Database Single General Purpose - Serverless - Compute DC-Series, 1 vCore, vCore, SQL Database, Databases, 1 Hour, Consumption",0.919,DZH318Z08M0J/00BG,c1ba9fcc-4448-507c-8fe0-076f1d50fa1f
"SQL Database Single General Purpose - Serverless - Compute DC-Series, 8 vCore, vCore, SQL Database, Databases, 1 Hour, Consumption",7.354,DZH318Z08M0J/00BN,c1ba9fcc-4448-507c-8fe0-076f1d50fa1f
"SQL Database Single Premium, P4, P4 DTU, SQL Database, Databases, 1/Day, Consumption",60.0,DZH318Z0BQHC/00ZH,c02481f5-526c-4869-8237-bbfcacaa9c14
"SQL Database SingleDB Hyperscale - Storage, Backup - RA-GZRS, Backup - RA-GZRS Data Stored, SQL Database, Databases, 1 GB/Month, Consumption",0.405,DZH318Z0BXWT/01MS,be817487-8517-501c-bb97-3bd52ff6144e
"SQL Database Single General Purpose - Serverless - Compute Gen5, 48 vCore, 48 vCore - Free, SQL Database, Databases, 1 Hour, Consumption",0.0,DZH318Z0C124/00CH,127241de-8206-5af2-bb50-53c37c020df0
"SQL Database Single/Elastic Pool Business Critical - Compute Gen5, 40 vCore, vCore, SQL Database, Databases, 1 Hour, Consumption",13.39516,DZH318Z0BPXH/02MW,ba9a850d-fc90-4185-a349-8257ddb3ddb6
"SQL Database Single/Elastic Pool Business Critical - Compute Gen5, 18 vCore, vCore, SQL Database, Databases, 1 Hour, Consumption",6.027822,DZH318Z0BPXH/02N8,ba9a850d-fc90-4185-a349-8257ddb3ddb6
"SQL Database Single/Elastic Pool Business Critical - Compute Gen5, 80 vCore, vCore, SQL Database, Databases, 1 Hour, Consumption, SQLDB_BC_Compute_Gen5_80",26.79032,DZH318Z0BPXH/00ZB,ba9a850d-fc90-4185-a349-8257ddb3ddb6
"SQL Database Single/Elastic Pool Business Critical - Compute Gen5, 8 vCore, vCore, SQL Database, Databases, 1 Hour, Consumption, SQLDB_BC_Compute_Gen5_8",2.679032,DZH318Z0BPXH/003V,ba9a850d-fc90-4185-a349-8257ddb3ddb6
"SQL Database Single/Elastic Pool Business Critical - Compute Gen5, vCore, vCore, SQL Database, Databases, 1 Hour, Reservation, SQLDB_BC_Compute_Gen5, 3 Years",3960.0,DZH318Z0BPXH/002N,ba9a850d-fc90-4185-a349-8257ddb3ddb6
"SQL Database Single/Elastic Pool Business Critical - Compute Gen5, 1 vCore, vCore, SQL Database, Databases, 1 Hour, Consumption",0.334879,DZH318Z0BPXH/00Z5,ba9a850d-fc90-4185-a349-8257ddb3ddb6
"SQL Database Single/Elastic Pool Business Critical - Compute Gen5, vCore, vCore, SQL Database, Databases, 1 Hour, Consumption, SQLDB_BC_Compute_Gen5",0.334879,DZH318Z0BPXH/002J,ba9a850d-fc90-4185-a349-8257ddb3ddb6
"SQL Database Single/Elastic Pool Business Critical - Compute Gen5, 32 vCore, vCore, SQL Database, Databases, 1 Hour, Consumption, SQLDB_BC_Compute_Gen5_32",10.716128,DZH318Z0BPXH/00L4,ba9a850d-fc90-4185-a349-8257ddb3ddb6
"SQL Database Single/Elastic Pool Business Critical - Compute Gen5, 4 vCore, vCore, SQL Database, Databases, 1 Hour, Consumption, SQLDB_BC_Compute_Gen5_4",1.339516,DZH318Z0BPXH/00B5,ba9a850d-fc90-4185-a349-8257ddb3ddb6
"SQL Database Single/Elastic Pool Business Critical - Compute Gen5, 1 vCore, vCore, SQL Database, Databases, 1 Hour, Consumption",0.334879,DZH318Z0BPXH/00ZR,ba9a850d-fc90-4185-a349-8257ddb3ddb6
"SQL Database Single/Elastic Pool Business Critical - Compute Gen5, vCore, vCore, SQL Database, Databases, 1 Hour, Reservation, SQLDB_BC_Compute_Gen5, 1 Year",1907.0,DZH318Z0BPXH/002M,ba9a850d-fc90-4185-a349-8257ddb3ddb6
"SQL Database Single/Elastic Pool Business Critical - Compute Gen5, 2 vCore, vCore, SQL Database, Databases, 1 Hour, Consumption, SQLDB_BC_Compute_Gen5_2",0.669758,DZH318Z0BPXH/00K7,ba9a850d-fc90-4185-a349-8257ddb3ddb6
"SQL Database Single/Elastic Pool Business Critical - Compute Gen5, 12 vCore, vCore, SQL Database, Databases, 1 Hour, Consumption",4.018548,DZH318Z0BPXH/02N1,ba9a850d-fc90-4185-a349-8257ddb3ddb6
"SQL Database Single/Elastic Pool Business Critical - Compute Gen5, 10 vCore, vCore, SQL Database, Databases, 1 Hour, Consumption",3.34879,DZH318Z0BPXH/02N6,ba9a850d-fc90-4185-a349-8257ddb3ddb6
"SQL Database Single/Elastic Pool Business Critical - Compute Gen5, 18 vCore, vCore, SQL Database, Databases, 1 Hour, Consumption",6.027822,DZH318Z0BPXH/02N0,ba9a850d-fc90-4185-a349-8257ddb3ddb6
"SQL Database Single/Elastic Pool Business Critical - Compute Gen5, 48 vCore, vCore, SQL Database, Databases, 1 Hour, Consumption, SQLDB_BC_Compute_Gen5_48",16.074192,DZH318Z0BPXH/00FF,ba9a850d-fc90-4185-a349-8257ddb3ddb6
"SQL Database Single/Elastic Pool Business Critical - Compute Gen5, 20 vCore, vCore, SQL Database, Databases, 1 Hour, Consumption",6.69758,DZH318Z0BPXH/02N5,ba9a850d-fc90-4185-a349-8257ddb3ddb6
"SQL Database Single/Elastic Pool Business Critical - Compute Gen5, 14 vCore, vCore, SQL Database, Databases, 1 Hour, Consumption",4.688306,DZH318Z0BPXH/02N3,ba9a850d-fc90-4185-a349-8257ddb3ddb6
"SQL Database Single/Elastic Pool Business Critical - Compute Gen5, 24 vCore, vCore, SQL Database, Databases, 1 Hour, Consumption, SQLDB_BC_Compute_Gen5_24",8.037096,DZH318Z0BPXH/00TQ,ba9a850d-fc90-4185-a349-8257ddb3ddb6
"SQL Database Single/Elastic Pool Business Critical - Compute Gen5, 14 vCore, vCore, SQL Database, Databases, 1 Hour, Consumption",4.688306,DZH318Z0BPXH/02MX,ba9a850d-fc90-4185-a349-8257ddb3ddb6
"SQL Database Single/Elastic Pool Business Critical - Compute Gen5, 8 vCore, vCore, SQL Database, Databases, 1 Hour, Consumption, SQLDB_BC_Compute_Gen5_8",2.679032,DZH318Z0BPXH/008V,ba9a850d-fc90-4185-a349-8257ddb3ddb6
"SQL Database Single/Elastic Pool Business Critical - Compute Gen5, 10 vCore, vCore, SQL Database, Databases, 1 Hour, Consumption",3.34879,DZH318Z0BPXH/02MV,ba9a850d-fc90-4185-a349-8257ddb3ddb6
"SQL Database Single/Elastic Pool Business Critical - Compute Gen5, 40 vCore, vCore, SQL Database, Databases, 1 Hour, Consumption",13.39516,DZH318Z0BPXH/02N4,ba9a850d-fc90-4185-a349-8257ddb3ddb6
"SQL Database Single/Elastic Pool Business Critical - Compute Gen5, 4 vCore, vCore, SQL Database, Databases, 1 Hour, Consumption, SQLDB_BC_Compute_Gen5_4",1.339516,DZH318Z0BPXH/00DV,ba9a850d-fc90-4185-a349-8257ddb3ddb6
"SQL Database Single/Elastic Pool Business Critical - Compute Gen5, 80 vCore, vCore, SQL Database, Databases, 1 Hour, Consumption, SQLDB_BC_Compute_Gen5_80",26.79032,DZH318Z0BPXH/00ZJ,ba9a850d-fc90-4185-a349-8257ddb3ddb6
"SQL Database Single/Elastic Pool Business Critical - Compute Gen5, 6 vCore, vCore, SQL Database, Databases, 1 Hour, Consumption",2.009274,DZH318Z0BPXH/02N2,ba9a850d-fc90-4185-a349-8257ddb3ddb6
"SQL Database Single/Elastic Pool Business Critical - Compute Gen5, 20 vCore, vCore, SQL Database, Databases, 1 Hour, Consumption",6.69758,DZH318Z0BPXH/02MZ,ba9a850d-fc90-4185-a349-8257ddb3ddb6
"SQL Database Single/Elastic Pool Business Critical - Compute Gen5, 16 vCore, vCore, SQL Database, Databases, 1 Hour, Consumption, SQLDB_BC_Compute_Gen5_16",5.358064,DZH318Z0BPXH/0086,ba9a850d-fc90-4185-a349-8257ddb3ddb6
"SQL Database Single/Elastic Pool Business Critical - Compute Gen5, 6 vCore, vCore, SQL Database, Databases, 1 Hour, Consumption",2.009274,DZH318Z0BPXH/02MT,ba9a850d-fc90-4185-a349-8257ddb3ddb6
"SQL Database Single/Elastic Pool Business Critical - Compute Gen5, 2 vCore, vCore, SQL Database, Databases, 1 Hour, Consumption, SQLDB_BC_Compute_Gen5_2",0.669758,DZH318Z0BPXH/00PT,ba9a850d-fc90-4185-a349-8257ddb3ddb6
"SQL Database Single/Elastic Pool Business Critical - Compute Gen5, 24 vCore, vCore, SQL Database, Databases, 1 Hour, Consumption, SQLDB_BC_Compute_Gen5_24",8.037096,DZH318Z0BPXH/00SG,ba9a850d-fc90-4185-a349-8257ddb3ddb6
"SQL Database Single/Elastic Pool Business Critical - Compute Gen5, 48 vCore, vCore, SQL Database, Databases, 1 Hour, Consumption, SQLDB_BC_Compute_Gen5_48",16.074192,DZH318Z0BPXH/00DR,ba9a850d-fc90-4185-a349-8257ddb3ddb6
"SQL Database Single/Elastic Pool Business Critical - Compute Gen5, 32 vCore, vCore, SQL Database, Databases, 1 Hour, Consumption, SQLDB_BC_Compute_Gen5_32",10.716128,DZH318Z0BPXH/00F7,ba9a850d-fc90-4185-a349-8257ddb3ddb6
"SQL Database Single/Elastic Pool Business Critical - Compute Gen5, 12 vCore, vCore, SQL Database, Databases, 1 Hour, Consumption",4.018548,DZH318Z0BPXH/02N7,ba9a850d-fc90-4185-a349-8257ddb3ddb6
"SQL Database Single/Elastic Pool Business Critical - Compute Gen5, 16 vCore, vCore, SQL Database, Databases, 1 Hour, Consumption, SQLDB_BC_Compute_Gen5_16",5.358064,DZH318Z0BPXH/00BS,ba9a850d-fc90-4185-a349-8257ddb3ddb6
"SQL Database SingleDB Hyperscale - LTR Backup Storage, Backup ZRS, Backup ZRS Data Stored, SQL Database, Databases, 1 GB/Month, Consumption",0.0372,DZH318Z0BF2D/004L,b9bd8755-2dff-54fe-8994-dbe4c15f55ac
"SQL Database Single Standard, S2 Secondary, S2 Secondary DTUs, SQL Database, Databases, 1/Day, Consumption",1.81,DZH318Z0BQHF/0180,b925488d-a109-4294-9d73-6f359f61ba5b
"SQL Database Single Premium, P15 Secondary Active, P15 Secondary Active DTU, SQL Database, Databases, 1/Day, Consumption",516.128,DZH318Z0BQHC/00MV,b72c99cc-65a6-4e96-9ade-88af0d90fec9
"SQL Database Single/Elastic Pool General Purpose - Compute DC-Series, 6 vCore, vCore, SQL Database, Databases, 1 Hour, Consumption",2.375,DZH318Z08M0H/00DP,b4018aac-bd48-51d0-8e60-6d224a01af94
"SQL Database Single General Purpose - Serverless - Compute Gen5, 32 vCore, 32 vCore - Free, SQL Database, Databases, 1 Hour, Consumption",0.0,DZH318Z0C124/00CM,b3dbce6c-c4f0-5ac0-9f1f-5213b7f6aad3
"SQL Database Single Premium, P2, P2 DTU, SQL Database, Databases, 1/Day, Consumption",30.0,DZH318Z0BQHC/012S,b2d3ed0d-64b0-4a41-8c5a-cb49dfbb84f9
"SQL Database Single Premium, P11, P11 DTU, SQL Database, Databases, 1/Day, Consumption",225.81,DZH318Z0BQHC/00VL,11401df8-e39e-47f9-bfe8-6d0ae757a180
"SQL Database Single Standard, S0 Secondary, S0 Secondary DTUs, SQL Database, Databases, 1/Day, Consumption",0.365,DZH318Z0BQHF/00LD,adc54be1-0921-481b-90c3-2d7938e4c5ff
"SQL Database Single/Elastic Pool General Purpose - Compute DC-Series, 8 vCore, vCore, SQL Database, Databases, 1 Hour, Consumption",3.166,DZH318Z08M0H/007K,10ec7e99-1392-59b1-8212-68459f594a4e
"SQL Database SingleDB Hyperscale - Serverless - Read Repl - Compute Gen5, 80 vCore, vCore, SQL Database, Databases, 1 Hour, Consumption, 80 vCore",0.492,DZH318Z09PJB/0085,aaac3607-9605-5970-865d-fa708df9987d
"SQL Database SingleDB Hyperscale - Serverless - Read Repl - Compute Gen5, 24 vCore, vCore, SQL Database, Databases, 1 Hour, Consumption, 24 vCore",0.492,DZH318Z09PJB/00CP,aaac3607-9605-5970-865d-fa708df9987d
"SQL Database SingleDB Hyperscale - Serverless - Read Repl - Compute Gen5, 16 vCore, vCore, SQL Database, Databases, 1 Hour, Consumption, 16 vCore",0.492,DZH318Z09PJB/009Z,aaac3607-9605-5970-865d-fa708df9987d
"SQL Database SingleDB Hyperscale - Serverless - Read Repl - Compute Gen5, 8 vCore, vCore, SQL Database, Databases, 1 Hour, Consumption, 8 vCore",0.492,DZH318Z09PJB/00B8,aaac3607-9605-5970-865d-fa708df9987d
"SQL Database SingleDB Hyperscale - Serverless - Read Repl - Compute Gen5, 4 vCore, vCore, SQL Database, Databases, 1 Hour, Consumption, 4 vCore",0.492,DZH318Z09PJB/00BB,aaac3607-9605-5970-865d-fa708df9987d
"SQL Database SingleDB Hyperscale - Serverless - Read Repl - Compute Gen5, 32 vCore, vCore, SQL Database, Databases, 1 Hour, Consumption, 32 vCore",0.492,DZH318Z09PJB/00C4,aaac3607-9605-5970-865d-fa708df9987d
"SQL Database SingleDB Hyperscale - Serverless - Read Repl - Compute Gen5, 48 vCore, vCore, SQL Database, Databases, 1 Hour, Consumption, 48 vCore",0.492,DZH318Z09PJB/00BN,aaac3607-9605-5970-865d-fa708df9987d
"SQL Database SingleDB Hyperscale - Serverless - Read Repl - Compute Gen5, 1 vCore, vCore, SQL Database, Databases, 1 Hour, Consumption, 1 vCore",0.492,DZH318Z09PJB/00B6,aaac3607-9605-5970-865d-fa708df9987d
"SQL Database SingleDB Hyperscale - Serverless - Read Repl - Compute Gen5, 2 vCore, vCore, SQL Database, Databases, 1 Hour, Consumption, 2 vCore",0.492,DZH318Z09PJB/00D8,aaac3607-9605-5970-865d-fa708df9987d
"SQL Database Single/Elastic Pool General Purpose - Storage, General Purpose Zone Redundancy, General Purpose Zone Redundancy Data Stored, SQL Database, Databases, 1 GB/Month, Consumption",0.274,DZH318Z0BQDW/003H,a639beac-1b57-5e05-b3c0-4c45424772a4
"SQL Database SingleDB Hyperscale - Storage, Backup - RA-GRS, Backup - RA-GRS Data Stored, SQL Database, Databases, 1 GB/Month, Consumption",0.238,DZH318Z0BXWT/01JT,a5939468-7f48-5ea6-ad80-77be63fcab76
"SQL Database Single General Purpose - Serverless - Compute Gen5, 80 vCore Zone Redundancy, Zone Redundancy vCore, SQL Database, Databases, 1 Hour, Consumption",27.548822,DZH318Z0C124/00XZ,a41aace1-aeb0-5e0d-a06d-ba040e84ed28
"SQL Database Single General Purpose - Serverless - Compute Gen5, 24 vCore Zone Redundancy, Zone Redundancy vCore, SQL Database, Databases, 1 Hour, Consumption",8.264647,DZH318Z0C124/00XS,a41aace1-aeb0-5e0d-a06d-ba040e84ed28
"SQL Database Single General Purpose - Serverless - Compute Gen5, 1 vCore Zone Redundancy, Zone Redundancy vCore, SQL Database, Databases, 1 Hour, Consumption",0.34436,DZH318Z0C124/00ZB,a41aace1-aeb0-5e0d-a06d-ba040e84ed28
"SQL Database Single General Purpose - Serverless - Compute Gen5, 8 vCore Zone Redundancy, Zone Redundancy vCore, SQL Database, Databases, 1 Hour, Consumption",2.754882,DZH318Z0C124/00Z0,a41aace1-aeb0-5e0d-a06d-ba040e84ed28
"SQL Database Single General Purpose - Serverless - Compute Gen5, 48 vCore Zone Redundancy, Zone Redundancy vCore, SQL Database, Databases, 1 Hour, Consumption",16.529293,DZH318Z0C124/00Z4,a41aace1-aeb0-5e0d-a06d-ba040e84ed28
"SQL Database Single General Purpose - Serverless - Compute Gen5, 16 vCore Zone Redundancy, Zone Redundancy vCore, SQL Database, Databases, 1 Hour, Consumption",5.509764,DZH318Z0C124/00ZC,a41aace1-aeb0-5e0d-a06d-ba040e84ed28
"SQL Database Single General Purpose - Serverless - Compute Gen5, 2 vCore Zone Redundancy, Zone Redundancy vCore, SQL Database, Databases, 1 Hour, Consumption",0.688721,DZH318Z0C124/00XR,a41aace1-aeb0-5e0d-a06d-ba040e84ed28
"SQL Database Single General Purpose - Serverless - Compute Gen5, 32 vCore Zone Redundancy, Zone Redundancy vCore, SQL Database, Databases, 1 Hour, Consumption",11.019529,DZH318Z0C124/00XV,a41aace1-aeb0-5e0d-a06d-ba040e84ed28
"SQL Database Single General Purpose - Serverless - Compute Gen5, 4 vCore Zone Redundancy, Zone Redundancy vCore, SQL Database, Databases, 1 Hour, Consumption",1.377441,DZH318Z0C124/00Z9,a41aace1-aeb0-5e0d-a06d-ba040e84ed28
"SQL Database Single General Purpose - Serverless - Compute Gen5, 4 vCore, 4 vCore - Free, SQL Database, Databases, 1 Hour, Consumption",0.0,DZH318Z0C124/00CF,a3817994-b3ba-5b88-85eb-f14e45f64e68
"SQL Database Single Standard, S0, S0 DTUs, SQL Database, Databases, 1/Day, Consumption",0.4839,DZH318Z0BQHF/00LB,a149966f-73b4-4e1d-b335-d2a572b1e6bd
"SQL Database Elastic Pool - Premium RS, 4000 DTU Pack, eDTUs, SQL Database, Databases, 1/Day, Consumption",180.0,DZH318Z0BQHK/00C4,9bc60dea-0d81-4ad0-91c1-a56cb3911398
"SQL Database Elastic Pool - Premium RS, 500 DTU Pack, eDTUs, SQL Database, Databases, 1/Day, Consumption",22.5,DZH318Z0BQHK/009Z,9bc60dea-0d81-4ad0-91c1-a56cb3911398
"SQL Database Elastic Pool - Premium RS, 1500 DTU Pack, eDTUs, SQL Database, Databases, 1/Day, Consumption",67.5,DZH318Z0BQHK/00B4,9bc60dea-0d81-4ad0-91c1-a56cb3911398
"SQL Database Elastic Pool - Premium RS, 1000 DTU Pack, eDTUs, SQL Database, Databases, 1/Day, Consumption",45.0,DZH318Z0BQHK/009W,9bc60dea-0d81-4ad0-91c1-a56cb3911398
"SQL Database Elastic Pool - Premium RS, 1 DTU, eDTUs, SQL Database, Databases, 1/Day, Consumption",0.045,DZH318Z0BQHK/009S,9bc60dea-0d81-4ad0-91c1-a56cb3911398
"SQL Database Elastic Pool - Premium RS, 3500 DTU Pack, eDTUs, SQL Database, Databases, 1/Day, Consumption",157.5,DZH318Z0BQHK/00CP,9bc60dea-0d81-4ad0-91c1-a56cb3911398
"SQL Database Elastic Pool - Premium RS, 2500 DTU Pack, eDTUs, SQL Database, Databases, 1/Day, Consumption",112.5,DZH318Z0BQHK/00DH,9bc60dea-0d81-4ad0-91c1-a56cb3911398
"SQL Database Elastic Pool - Premium RS, 2000 DTU Pack, eDTUs, SQL Database, Databases, 1/Day, Consumption",90.0,DZH318Z0BQHK/00FS,9bc60dea-0d81-4ad0-91c1-a56cb3911398
"SQL Database Elastic Pool - Premium RS, 125 DTU Pack, eDTUs, SQL Database, Databases, 1/Day, Consumption",5.625,DZH318Z0BQHK/00B0,9bc60dea-0d81-4ad0-91c1-a56cb3911398
"SQL Database Elastic Pool - Premium RS, 3000 DTU Pack, eDTUs, SQL Database, Databases, 1/Day, Consumption",135.0,DZH318Z0BQHK/00BT,9bc60dea-0d81-4ad0-91c1-a56cb3911398
"SQL Database Elastic Pool - Premium RS, 250 DTU Pack, eDTUs, SQL Database, Databases, 1/Day, Consumption",11.25,DZH318Z0BQHK/00DW,9bc60dea-0d81-4ad0-91c1-a56cb3911398
"SQL Database SingleDB Hyperscale - LTR Backup Storage, Backup LRS, Backup LRS Data Stored, SQL Database, Databases, 1 GB/Month, Consumption",0.0298,DZH318Z0BF2D/004K,9901c671-b4a7-52c6-900f-a5a9b93a8d45
"SQL Database Single Standard, 10 DTU, 10 DTUs, SQL Database, Databases, 1/Day, Consumption",0.4839,DZH318Z0BQHF/00L4,94aaed62-bf2f-4461-8f69-078933cb2f72
"SQL Database Single Standard, S6, 10 DTUs, SQL Database, Databases, 1/Day, Consumption",19.356,DZH318Z0BQHF/00TZ,94aaed62-bf2f-4461-8f69-078933cb2f72
"SQL Database Single Standard, S12, 10 DTUs, SQL Database, Databases, 1/Day, Consumption",145.17,DZH318Z0BQHF/00LJ,94aaed62-bf2f-4461-8f69-078933cb2f72
"SQL Database Single Standard, S7, 10 DTUs, SQL Database, Databases, 1/Day, Consumption",38.712,DZH318Z0BQHF/012N,94aaed62-bf2f-4461-8f69-078933cb2f72
"SQL Database Single Standard, S9, 10 DTUs, SQL Database, Databases, 1/Day, Consumption",77.424,DZH318Z0BQHF/00SQ,94aaed62-bf2f-4461-8f69-078933cb2f72
"SQL Database Single Standard, S4, 10 DTUs, SQL Database, Databases, 1/Day, Consumption",9.678,DZH318Z0BQHF/014D,94aaed62-bf2f-4461-8f69-078933cb2f72
"SQL Database Premium - Storage, Premium, Data Stored, SQL Database, Databases, 1 GB/Month, Consumption",0.442,DZH318Z0BQCL/000S,940dae8a-170d-4825-9a8a-7e635ec2523b
"SQL Database Single Premium, P1 Secondary Active, P1 Secondary Active DTU, SQL Database, Databases, 1/Day, Consumption",15.0,DZH318Z0BQHC/00P3,940e92c1-bdae-44b5-807c-c1ab2d3a05b7
"SQL Database Single Free, Free, Free DTU, SQL Database, Databases, 1/Day, Consumption",0.0,DZH318Z0BQH9/0013,93d53c01-f180-44d6-a5ae-00fd565bd256
"SQL Database SingleDB Hyperscale - LTR Backup Storage, Backup RA-GRS, Backup RA-GRS Data Stored, SQL Database, Databases, 1 GB/Month, Consumption",0.0595,DZH318Z0BF2D/004M,925e1725-edda-546e-aa4a-7b4770a46d79
"SQL Database SingleDB Hyperscale - Storage, Backup - LRS, Backup - LRS Data Stored, SQL Database, Databases, 1 GB/Month, Consumption",0.0952,DZH318Z0BXWT/01JZ,8f435b20-4999-5665-86c7-1433d92a3580
"SQL Database Single/Elastic Pool PITR Backup Storage, Backup ZRS, ZRS Data Stored, SQL Database, Databases, 1 GB/Month, Consumption",0.149,DZH318Z0BXWX/0020,8c3c7e6f-cce2-4cd7-b4d8-9b2c4ad13a42
"SQL Database SingleDB Hyperscale - Premium Series Compute, 1 vCore, vCore, SQL Database, Databases, 1 Hour, Consumption, SQLDB_HS_Premium Compute_1",0.200926,DZH318Z0B0B5/00FX,8c2fb864-78c0-53bf-b401-d90b268f24c5
"SQL Database Single/Elastic Pool PITR Backup Storage, Backup LRS, LRS Data Stored, SQL Database, Databases, 1 GB/Month, Consumption",0.119,DZH318Z0BXWX/0021,7f15fe37-517c-4710-b709-1eac1bbf8b60
"SQL Database Single Standard, S3 Secondary, S3 Secondary DTUs, SQL Database, Databases, 1/Day, Consumption",3.629,DZH318Z0BQHF/00V0,7ee5cf19-c864-4038-b4ad-bcfc8e63c508
"SQL Database Single/Elastic Pool General Purpose - Compute FSv2 Series, 14 vCore, vCore, SQL Database, Databases, 1 Hour, Consumption, 14 vCore",2.057132,DZH318Z0CGTV/014P,7e16285d-6280-45a5-90af-98b531ae9db6
"SQL Database Single/Elastic Pool General Purpose - Compute FSv2 Series, 1 vCore, vCore, SQL Database, Databases, 1 Hour, Consumption",0.146938,DZH318Z0CGTV/003M,7e16285d-6280-45a5-90af-98b531ae9db6
"SQL Database Single/Elastic Pool General Purpose - Compute FSv2 Series, 18 vCore, vCore, SQL Database, Databases, 1 Hour, Consumption, 18 vCore",2.644884,DZH318Z0CGTV/0143,7e16285d-6280-45a5-90af-98b531ae9db6
"SQL Database Single/Elastic Pool General Purpose - Compute FSv2 Series, 10 vCore, vCore, SQL Database, Databases, 1 Hour, Consumption, 10 vCore",1.46938,DZH318Z0CGTV/0157,7e16285d-6280-45a5-90af-98b531ae9db6
"SQL Database Single/Elastic Pool General Purpose - Compute FSv2 Series, 14 vCore, vCore, SQL Database, Databases, 1 Hour, Consumption, 14 vCore",2.057132,DZH318Z0CGTV/017R,7e16285d-6280-45a5-90af-98b531ae9db6
"SQL Database Single/Elastic Pool General Purpose - Compute FSv2 Series, 36 vCore, vCore, SQL Database, Databases, 1 Hour, Consumption, 36 vCore",5.289768,DZH318Z0CGTV/017H,7e16285d-6280-45a5-90af-98b531ae9db6
"SQL Database Single/Elastic Pool General Purpose - Compute FSv2 Series, 20 vCore, vCore, SQL Database, Databases, 1 Hour, Consumption, 20 vCore",2.93876,DZH318Z0CGTV/017B,7e16285d-6280-45a5-90af-98b531ae9db6
"SQL Database Single/Elastic Pool General Purpose - Compute FSv2 Series, 1 vCore, vCore, SQL Database, Databases, 1 Hour, Consumption",0.146938,DZH318Z0CGTV/004H,7e16285d-6280-45a5-90af-98b531ae9db6
"SQL Database Single/Elastic Pool General Purpose - Compute FSv2 Series, 12 vCore, vCore, SQL Database, Databases, 1 Hour, Consumption, 12 vCore",1.763256,DZH318Z0CGTV/0155,7e16285d-6280-45a5-90af-98b531ae9db6
"SQL Database Single/Elastic Pool General Purpose - Compute FSv2 Series, vCore, vCore, SQL Database, Databases, 1 Hour, Consumption, FSv2Series_vCore",0.173654,DZH318Z0CGTV/00Z3,7e16285d-6280-45a5-90af-98b531ae9db6
"SQL Database Single/Elastic Pool General Purpose - Compute FSv2 Series, 36 vCore, vCore, SQL Database, Databases, 1 Hour, Consumption, 36 vCore",5.289768,DZH318Z0CGTV/0150,7e16285d-6280-45a5-90af-98b531ae9db6
"SQL Database Single/Elastic Pool General Purpose - Compute FSv2 Series, 24 vCore, vCore, SQL Database, Databases, 1 Hour, Consumption, 24 vCore",3.526512,DZH318Z0CGTV/017J,7e16285d-6280-45a5-90af-98b531ae9db6
"SQL Database Single/Elastic Pool General Purpose - Compute FSv2 Series, 32 vCore, vCore, SQL Database, Databases, 1 Hour, Consumption, 32 vCore",4.702016,DZH318Z0CGTV/017F,7e16285d-6280-45a5-90af-98b531ae9db6
"SQL Database Single/Elastic Pool General Purpose - Compute FSv2 Series, 72 vCore, vCore, SQL Database, Databases, 1 Hour, Consumption",10.579536,DZH318Z0CGTV/003K,7e16285d-6280-45a5-90af-98b531ae9db6
"SQL Database Single/Elastic Pool General Purpose - Compute FSv2 Series, 18 vCore, vCore, SQL Database, Databases, 1 Hour, Consumption, 18 vCore",2.644884,DZH318Z0CGTV/017P,7e16285d-6280-45a5-90af-98b531ae9db6
"SQL Database Single/Elastic Pool General Purpose - Compute FSv2 Series, 72 vCore, vCore, SQL Database, Databases, 1 Hour, Consumption",10.579536,DZH318Z0CGTV/0048,7e16285d-6280-45a5-90af-98b531ae9db6
"SQL Database Single/Elastic Pool General Purpose - Compute FSv2 Series, 16 vCore, vCore, SQL Database, Databases, 1 Hour, Consumption, 16 vCore",2.351008,DZH318Z0CGTV/017V,7e16285d-6280-45a5-90af-98b531ae9db6
"SQL Database Single/Elastic Pool General Purpose - Compute FSv2 Series, 10 vCore, vCore, SQL Database, Databases, 1 Hour, Consumption, 10 vCore",1.46938,DZH318Z0CGTV/0175,7e16285d-6280-45a5-90af-98b531ae9db6
"SQL Database Single/Elastic Pool General Purpose - Compute FSv2 Series, 16 vCore, vCore, SQL Database, Databases, 1 Hour, Consumption, 16 vCore",2.351008,DZH318Z0CGTV/0144,7e16285d-6280-45a5-90af-98b531ae9db6
"SQL Database Single/Elastic Pool General Purpose - Compute FSv2 Series, 12 vCore, vCore, SQL Database, Databases, 1 Hour, Consumption, 12 vCore",1.763256,DZH318Z0CGTV/017S,7e16285d-6280-45a5-90af-98b531ae9db6
"SQL Database Single/Elastic Pool General Purpose - Compute FSv2 Series, vCore, vCore, SQL Database, Databases, 1 Hour, Reservation, FSv2Series_vCore, 1 Year",989.0,DZH318Z0CGTV/00Z2,7e16285d-6280-45a5-90af-98b531ae9db6
"SQL Database Single/Elastic Pool General Purpose - Compute FSv2 Series, 32 vCore, vCore, SQL Database, Databases, 1 Hour, Consumption, 32 vCore",4.702016,DZH318Z0CGTV/014K,7e16285d-6280-45a5-90af-98b531ae9db6
"SQL Database Single/Elastic Pool General Purpose - Compute FSv2 Series, 8 vCore, vCore, SQL Database, Databases, 1 Hour, Consumption, 8 vCore",1.175504,DZH318Z0CGTV/017W,7e16285d-6280-45a5-90af-98b531ae9db6
"SQL Database Single/Elastic Pool General Purpose - Compute FSv2 Series, 8 vCore, vCore, SQL Database, Databases, 1 Hour, Consumption, 8 vCore",1.175504,DZH318Z0CGTV/0141,7e16285d-6280-45a5-90af-98b531ae9db6
"SQL Database Single/Elastic Pool General Purpose - Compute FSv2 Series, 20 vCore, vCore, SQL Database, Databases, 1 Hour, Consumption, 20 vCore",2.93876,DZH318Z0CGTV/014T,7e16285d-6280-45a5-90af-98b531ae9db6
"SQL Database Single/Elastic Pool General Purpose - Compute FSv2 Series, vCore, vCore, SQL Database, Databases, 1 Hour, Reservation, FSv2Series_vCore, 3 Years",2054.0,DZH318Z0CGTV/00Z5,7e16285d-6280-45a5-90af-98b531ae9db6
"SQL Database Single/Elastic Pool General Purpose - Compute FSv2 Series, 24 vCore, vCore, SQL Database, Databases, 1 Hour, Consumption, 24 vCore",3.526512,DZH318Z0CGTV/014N,7e16285d-6280-45a5-90af-98b531ae9db6
"SQL Database Single/Elastic Pool PITR Backup Storage, Backup RA-GZRS, RA-GZRS Data Stored, SQL Database, Databases, 1 GB/Month, Consumption",0.402,DZH318Z0BXWX/008S,7b394493-341e-501c-87a5-d430daa5fdff
"SQL Database Single/Elastic Pool General Purpose - Storage, General Purpose, General Purpose IO Rate Operations, SQL Database, Databases, 1M, Consumption",0.238,DZH318Z0BQDW/000R,7a429c1d-36a5-453a-ab22-b776e9d0436d
"SQL Database Single/Elastic Pool Business Critical - Compute DC-Series, 4 vCore, vCore, SQL Database, Databases, 1 Hour, Consumption",3.166,DZH318Z08M0G/00CF,794ac83a-d3b5-5c35-9a7f-5fc3a34ae1eb
"SQL Database Single/Elastic Pool Business Critical - Compute DC-Series, 1 vCore, vCore, SQL Database, Databases, 1 Hour, Consumption",0.792,DZH318Z08M0G/00CC,794ac83a-d3b5-5c35-9a7f-5fc3a34ae1eb
"SQL Database Single/Elastic Pool Business Critical - Compute DC-Series, 2 vCore, vCore, SQL Database, Databases, 1 Hour, Consumption",1.583,DZH318Z08M0G/00CD,794ac83a-d3b5-5c35-9a7f-5fc3a34ae1eb
"SQL Database Single/Elastic Pool Business Critical - Compute DC-Series, 8 vCore, vCore, SQL Database, Databases, 1 Hour, Consumption",6.332,DZH318Z08M0G/00CK,794ac83a-d3b5-5c35-9a7f-5fc3a34ae1eb
"SQL Database Single/Elastic Pool Business Critical - Compute DC-Series, 6 vCore, vCore, SQL Database, Databases, 1 Hour, Consumption",4.749,DZH318Z08M0G/00CH,794ac83a-d3b5-5c35-9a7f-5fc3a34ae1eb
"SQL Database Single/Elastic Pool Business Critical - Compute DC-Series, 1 vCore, vCore, SQL Database, Databases, 1 Hour, Consumption",0.792,DZH318Z08M0G/00CX,78c56236-12cf-5e1a-aabb-099ff6c5e0a1
"SQL Database Single/Elastic Pool Business Critical - Compute DC-Series, 8 vCore, vCore, SQL Database, Databases, 1 Hour, Consumption",6.332,DZH318Z08M0G/00CQ,78c56236-12cf-5e1a-aabb-099ff6c5e0a1
"SQL Database Single/Elastic Pool Business Critical - Compute DC-Series, 4 vCore, vCore, SQL Database, Databases, 1 Hour, Consumption",3.166,DZH318Z08M0G/00D1,78c56236-12cf-5e1a-aabb-099ff6c5e0a1
"SQL Database Single/Elastic Pool Business Critical - Compute DC-Series, 2 vCore, vCore, SQL Database, Databases, 1 Hour, Consumption",1.583,DZH318Z08M0G/00CV,78c56236-12cf-5e1a-aabb-099ff6c5e0a1
"SQL Database Single/Elastic Pool Business Critical - Compute DC-Series, 6 vCore, vCore, SQL Database, Databases, 1 Hour, Consumption",4.749,DZH318Z08M0G/00CT,78c56236-12cf-5e1a-aabb-099ff6c5e0a1
"SQL Database Single Premium, P11 Secondary Active, P11 Secondary Active DTU, SQL Database, Databases, 1/Day, Consumption",225.81,DZH318Z0BQHC/00VZ,76dfe260-5cbf-4df7-a887-3197b1c1d94c
"SQL Database Single General Purpose - Serverless - Compute Gen5, 2 vCore, 2 vCore - Free, SQL Database, Databases, 1 Hour, Consumption",0.0,DZH318Z0C124/00CK,75286cb4-eaed-59e0-8df5-fcb804eea344
"SQL Database SingleDB Hyperscale - Storage, Hyperscale, Hyperscale IO Rate Operations, SQL Database, Databases, 1M, Consumption",0.238,DZH318Z0BXWT/000M,74356492-876e-4336-b2b5-f12ab94f8333
"SQL Database Single/Elastic Pool General Purpose - Compute DC-Series, vCore, vCore, SQL Database, Databases, 1 Hour, Consumption, SQL_Database_Single_Elastic_Pool_General_Purpose_Compute_DC-Series_vCore",0.396,DZH318Z08M0H/00MQ,71037cc1-a4e6-5627-bf59-f98b6c4fa8a2
"SQL Database Single/Elastic Pool General Purpose - Compute DC-Series, vCore, vCore, SQL Database, Databases, 1 Hour, Reservation, SQL_Database_Single_Elastic_Pool_General_Purpose_Compute_DC-Series_vCore, 3 Years",4680.0,DZH318Z08M0H/00NL,71037cc1-a4e6-5627-bf59-f98b6c4fa8a2
"SQL Database Single/Elastic Pool General Purpose - Compute DC-Series, vCore, vCore, SQL Database, Databases, 1 Hour, Reservation, SQL_Database_Single_Elastic_Pool_General_Purpose_Compute_DC-Series_vCore, 1 Year",2253.0,DZH318Z08M0H/00NK,71037cc1-a4e6-5627-bf59-f98b6c4fa8a2
"SQL Database Single General Purpose - Serverless - Compute DC-Series, 1 vCore, vCore, SQL Database, Databases, 1 Hour, Consumption",0.919,DZH318Z08M0J/00BC,6ee4ea26-c73c-5c62-9cf2-e9eeb2bbcd8d
"SQL Database Single General Purpose - Serverless - Compute DC-Series, 6 vCore, vCore, SQL Database, Databases, 1 Hour, Consumption",5.516,DZH318Z08M0J/00JX,6ee4ea26-c73c-5c62-9cf2-e9eeb2bbcd8d
"SQL Database Single General Purpose - Serverless - Compute DC-Series, 2 vCore, vCore, SQL Database, Databases, 1 Hour, Consumption",1.839,DZH318Z08M0J/0097,6ee4ea26-c73c-5c62-9cf2-e9eeb2bbcd8d
"SQL Database Single General Purpose - Serverless - Compute DC-Series, 4 vCore, vCore, SQL Database, Databases, 1 Hour, Consumption",3.677,DZH318Z08M0J/008S,6ee4ea26-c73c-5c62-9cf2-e9eeb2bbcd8d
"SQL Database Single General Purpose - Serverless - Compute DC-Series, 8 vCore, vCore, SQL Database, Databases, 1 Hour, Consumption",7.354,DZH318Z08M0J/008R,6ee4ea26-c73c-5c62-9cf2-e9eeb2bbcd8d
"SQL Database Single General Purpose - Serverless - Compute Gen5, 24 vCore, 24 vCore - Free, SQL Database, Databases, 1 Hour, Consumption",0.0,DZH318Z0C124/00CL,6ea3a74c-b785-5546-8d05-c26910d0468a
"SQL Database Single Premium, P2 Secondary Active, P2 Secondary Active DTU, SQL Database, Databases, 1/Day, Consumption",30.0,DZH318Z0BQHC/0133,6e6fcacb-5f0d-4d19-afdc-9ff9931a6c40
"SQL Database Single Standard, S3, S3 DTUs, SQL Database, Databases, 1/Day, Consumption",4.8387,DZH318Z0BQHF/00TX,6bafdc11-b964-4895-9d4e-a0e548db1b2b
"SQL Database Single Premium RS, PRS6, PRS6 DTU, SQL Database, Databases, 1/Day, Consumption",30.0,DZH318Z0BQH0/00MB,6afd32d3-69a1-4d1a-8a48-5fe5347fd851
"SQL Database Single Premium, P4 Secondary, P4 Secondary DTU, SQL Database, Databases, 1/Day, Consumption",45.0,DZH318Z0BQHC/00ZM,6ab4b21f-3ee9-4229-85a5-9bdba2b1319b
"SQL Database Single/Elastic Pool Business Critical - Compute M Series, 128 vCore, vCore, SQL Database, Databases, 1 Hour, Consumption",236.372,DZH318Z0CGVC/004Z,68b9138a-c40a-4320-a0ce-89680d0bdc73
"SQL Database Single/Elastic Pool Business Critical - Compute M Series, 128 vCore, vCore, SQL Database, Databases, 1 Hour, Consumption",236.372,DZH318Z0CGVC/0023,68b9138a-c40a-4320-a0ce-89680d0bdc73
"SQL Database Single/Elastic Pool Business Critical - Compute M Series, 10 vCore, vCore, SQL Database, Databases, 1 Hour, Consumption, 10 vCore",18.466591,DZH318Z0CGVC/015Z,68b9138a-c40a-4320-a0ce-89680d0bdc73
"SQL Database Single/Elastic Pool Business Critical - Compute M Series, 1 vCore, vCore, SQL Database, Databases, 1 Hour, Consumption",1.846659,DZH318Z0CGVC/0025,68b9138a-c40a-4320-a0ce-89680d0bdc73
"SQL Database Single/Elastic Pool Business Critical - Compute M Series, 20 vCore, vCore, SQL Database, Databases, 1 Hour, Consumption, 20 vCore",36.933182,DZH318Z0CGVC/015T,68b9138a-c40a-4320-a0ce-89680d0bdc73
"SQL Database Single/Elastic Pool Business Critical - Compute M Series, 8 vCore, vCore, SQL Database, Databases, 1 Hour, Consumption, 8 vCore",14.773273,DZH318Z0CGVC/015Q,68b9138a-c40a-4320-a0ce-89680d0bdc73
"SQL Database Single/Elastic Pool Business Critical - Compute M Series, 14 vCore, vCore, SQL Database, Databases, 1 Hour, Consumption, 14 vCore",25.853227,DZH318Z0CGVC/014W,68b9138a-c40a-4320-a0ce-89680d0bdc73
"SQL Database Single/Elastic Pool Business Critical - Compute M Series, 8 vCore, vCore, SQL Database, Databases, 1 Hour, Consumption, 8 vCore",14.773273,DZH318Z0CGVC/014B,68b9138a-c40a-4320-a0ce-89680d0bdc73
"SQL Database Single/Elastic Pool Business Critical - Compute M Series, 12 vCore, vCore, SQL Database, Databases, 1 Hour, Consumption, 12 vCore",22.159909,DZH318Z0CGVC/014M,68b9138a-c40a-4320-a0ce-89680d0bdc73
"SQL Database Single/Elastic Pool Business Critical - Compute M Series, 20 vCore, vCore, SQL Database, Databases, 1 Hour, Consumption, 20 vCore",36.933182,DZH318Z0CGVC/014L,68b9138a-c40a-4320-a0ce-89680d0bdc73
"SQL Database Single/Elastic Pool Business Critical - Compute M Series, vCore, vCore, SQL Database, Databases, 1 Hour, Reservation, ComputeMSeries_vCore, 3 Years",25809.0,DZH318Z0CGVC/007S,68b9138a-c40a-4320-a0ce-89680d0bdc73
"SQL Database Single/Elastic Pool Business Critical - Compute M Series, 64 vCore, vCore, SQL Database, Databases, 1 Hour, Consumption, 64 vCore",118.186,DZH318Z0CGVC/015X,68b9138a-c40a-4320-a0ce-89680d0bdc73
"SQL Database Single/Elastic Pool Business Critical - Compute M Series, 64 vCore, vCore, SQL Database, Databases, 1 Hour, Consumption, 64 vCore",118.186,DZH318Z0CGVC/014D,68b9138a-c40a-4320-a0ce-89680d0bdc73
"SQL Database Single/Elastic Pool Business Critical - Compute M Series, 32 vCore, vCore, SQL Database, Databases, 1 Hour, Consumption, 32 vCore",59.093091,DZH318Z0CGVC/014F,68b9138a-c40a-4320-a0ce-89680d0bdc73
"SQL Database Single/Elastic Pool Business Critical - Compute M Series, 16 vCore, vCore, SQL Database, Databases, 1 Hour, Consumption, 16 vCore",29.546546,DZH318Z0CGVC/015R,68b9138a-c40a-4320-a0ce-89680d0bdc73
"SQL Database Single/Elastic Pool Business Critical - Compute M Series, 24 vCore, vCore, SQL Database, Databases, 1 Hour, Consumption, 24 vCore",44.319818,DZH318Z0CGVC/014G,68b9138a-c40a-4320-a0ce-89680d0bdc73
"SQL Database Single/Elastic Pool Business Critical - Compute M Series, 12 vCore, vCore, SQL Database, Databases, 1 Hour, Consumption, 12 vCore",22.159909,DZH318Z0CGVC/015N,68b9138a-c40a-4320-a0ce-89680d0bdc73
"SQL Database Single/Elastic Pool Business Critical - Compute M Series, 16 vCore, vCore, SQL Database, Databases, 1 Hour, Consumption, 16 vCore",29.546546,DZH318Z0CGVC/0148,68b9138a-c40a-4320-a0ce-89680d0bdc73
"SQL Database Single/Elastic Pool Business Critical - Compute M Series, 24 vCore, vCore, SQL Database, Databases, 1 Hour, Consumption, 24 vCore",44.319818,DZH318Z0CGVC/015W,68b9138a-c40a-4320-a0ce-89680d0bdc73
"SQL Database Single/Elastic Pool Business Critical - Compute M Series, 10 vCore, vCore, SQL Database, Databases, 1 Hour, Consumption, 10 vCore",18.466591,DZH318Z0CGVC/0145,68b9138a-c40a-4320-a0ce-89680d0bdc73
"SQL Database Single/Elastic Pool Business Critical - Compute M Series, vCore, vCore, SQL Database, Databases, 1 Hour, Consumption, ComputeMSeries_vCore",2.182415,DZH318Z0CGVC/00MM,68b9138a-c40a-4320-a0ce-89680d0bdc73
"SQL Database Single/Elastic Pool Business Critical - Compute M Series, 14 vCore, vCore, SQL Database, Databases, 1 Hour, Consumption, 14 vCore",25.853227,DZH318Z0CGVC/015S,68b9138a-c40a-4320-a0ce-89680d0bdc73
"SQL Database Single/Elastic Pool Business Critical - Compute M Series, 18 vCore, vCore, SQL Database, Databases, 1 Hour, Consumption, 18 vCore",33.239864,DZH318Z0CGVC/014T,68b9138a-c40a-4320-a0ce-89680d0bdc73
"SQL Database Single/Elastic Pool Business Critical - Compute M Series, 1 vCore, vCore, SQL Database, Databases, 1 Hour, Consumption",1.846659,DZH318Z0CGVC/0054,68b9138a-c40a-4320-a0ce-89680d0bdc73
"SQL Database Single/Elastic Pool Business Critical - Compute M Series, 32 vCore, vCore, SQL Database, Databases, 1 Hour, Consumption, 32 vCore",59.093091,DZH318Z0CGVC/015V,68b9138a-c40a-4320-a0ce-89680d0bdc73
"SQL Database Single/Elastic Pool Business Critical - Compute M Series, 18 vCore, vCore, SQL Database, Databases, 1 Hour, Consumption, 18 vCore",33.239864,DZH318Z0CGVC/015P,68b9138a-c40a-4320-a0ce-89680d0bdc73
"SQL Database Single/Elastic Pool Business Critical - Compute M Series, vCore, vCore, SQL Database, Databases, 1 Hour, Reservation, ComputeMSeries_vCore, 1 Year",12427.0,DZH318Z0CGVC/00KL,68b9138a-c40a-4320-a0ce-89680d0bdc73
"SQL Database Single/Elastic Pool PITR Backup Storage, Backup, Data Stored - Free, SQL Database, Databases, 1 GB/Month, Consumption",0.0,DZH318Z0BXWX/00BZ,0a5db68e-78e2-5a4e-82ad-55c08bb9a560
"SQL Database SingleDB Hyperscale - Compute DC-Series, 1 vCore, vCore, SQL Database, Databases, 1 Hour, Consumption",0.475,DZH318Z08M0D/00FD,6332cf69-b6d5-51ca-8924-426175667649
"SQL Database SingleDB Hyperscale - Compute DC-Series, 2 vCore, vCore, SQL Database, Databases, 1 Hour, Consumption",0.95,DZH318Z08M0D/00FG,6332cf69-b6d5-51ca-8924-426175667649
"SQL Database SingleDB Hyperscale - Compute DC-Series, 4 vCore, vCore, SQL Database, Databases, 1 Hour, Consumption",1.9,DZH318Z08M0D/00F2,6332cf69-b6d5-51ca-8924-426175667649
"SQL Database SingleDB Hyperscale - Compute DC-Series, 8 vCore, vCore, SQL Database, Databases, 1 Hour, Consumption",3.799,DZH318Z08M0D/00F4,6332cf69-b6d5-51ca-8924-426175667649
"SQL Database SingleDB Hyperscale - Compute DC-Series, 6 vCore, vCore, SQL Database, Databases, 1 Hour, Consumption",2.85,DZH318Z08M0D/00F3,6332cf69-b6d5-51ca-8924-426175667649
"SQL Database Single/Elastic Pool General Purpose - Storage, General Purpose, General Purpose Data Stored, SQL Database, Databases, 1 GB/Month, Consumption",0.13685,DZH318Z0BQDW/000R,62abdcb7-13bf-4ab6-98af-d22be94f9081
"SQL Database Single Premium, P15, P15 DTU, SQL Database, Databases, 1/Day, Consumption",516.128,DZH318Z0BQHC/00MR,61c94f93-033b-4b1e-843e-87a3bde1ec16
"SQL Database Single/Elastic Pool General Purpose - Storage, General Purpose Zone Redundancy, General Purpose Zone Redundancy IO Rate Operations, SQL Database, Databases, 1M, Consumption",0.238,DZH318Z0BQDW/003H,61274805-5f42-5727-9704-3c6a287939fc
"SQL Database Single Premium RS, PRS1 Secondary, PRS1 Secondary DTU, SQL Database, Databases, 1/Day, Consumption",2.8125,DZH318Z0BQH0/00M5,6118f01d-8e0b-446a-9cae-83c0e3e6caad
"SQL Database Single/Elastic Pool Business Critical - Storage, Business Critical, Business Critical Data Stored, SQL Database, Databases, 1 GB/Month, Consumption",0.2975,DZH318Z0BQDS/000R,09d494db-0967-4fc7-a62a-9261d9ba2d7b
"SQL Database Single Premium, P6 Secondary Active, P6 Secondary Active DTU, SQL Database, Databases, 1/Day, Consumption",120.0,DZH318Z0BQHC/00LD,5df0b68a-14df-4e53-b4d7-80a5d839a07e
"SQL Database Single Premium, P4 Secondary Active, P4 Secondary Active DTU, SQL Database, Databases, 1/Day, Consumption",60.0,DZH318Z0BQHC/00ZP,5983e870-e59d-443a-829d-13530a2ee1c2
"SQL Database Single Premium RS, PRS4 Secondary Active, PRS4 Secondary Active DTU, SQL Database, Databases, 1/Day, Consumption",15.0,DZH318Z0BQH0/00M3,5708d073-cb87-45b1-b0d7-f9488b7ac1e7
"SQL Database Single Standard, S1, S1 DTUs, SQL Database, Databases, 1/Day, Consumption",0.9677,DZH318Z0BQHF/00LT,54c6bbf3-322b-406d-8411-101bc4b9443a
"SQL Database Single Standard, S2 Secondary Active, S2 Secondary Active DTUs, SQL Database, Databases, 1/Day, Consumption",2.42,DZH318Z0BQHF/0182,52c400e7-7180-481b-8aa7-5c021661d031
"SQL Database SingleDB Hyperscale - LTR Backup Storage, Backup RA-GZRS, Backup RA-GZRS Data Stored, SQL Database, Databases, 1 GB/Month, Consumption",0.101,DZH318Z0BF2D/007S,52299d11-ccb6-5650-90e2-2836d884c352
"SQL Database Single Basic, B Secondary Active, B Secondary Active DTU, SQL Database, Databases, 1/Day, Consumption",0.161,DZH318Z0BQGZ/004L,514d2095-d1d3-4c1d-a136-c38886a08ae5
"SQL Database SingleDB Hyperscale - Compute DC-Series, vCore, vCore, SQL Database, Databases, 1 Hour, Reservation, SQL_Database_SingleDB_Hyperscale_Compute_DC-Series_vCore, 1 Year",2704.0,DZH318Z08M0D/00NN,4df96cb5-95a6-56b6-9db4-5f545de8f17e
"SQL Database SingleDB Hyperscale - Compute DC-Series, vCore, vCore, SQL Database, Databases, 1 Hour, Reservation, SQL_Database_SingleDB_Hyperscale_Compute_DC-Series_vCore, 3 Years",5616.0,DZH318Z08M0D/00NM,4df96cb5-95a6-56b6-9db4-5f545de8f17e
"SQL Database SingleDB Hyperscale - Compute DC-Series, vCore, vCore, SQL Database, Databases, 1 Hour, Consumption, SQL_Database_SingleDB_Hyperscale_Compute_DC-Series_vCore",0.475,DZH318Z08M0D/00MP,4df96cb5-95a6-56b6-9db4-5f545de8f17e
"SQL Database SingleDB Hyperscale - Compute DC-Series, 6 vCore, vCore, SQL Database, Databases, 1 Hour, Consumption",2.85,DZH318Z08M0D/006T,4cf5c301-aee7-5919-bd1d-dad8bf5bdad0
"SQL Database SingleDB Hyperscale - Compute DC-Series, 8 vCore, vCore, SQL Database, Databases, 1 Hour, Consumption",3.799,DZH318Z08M0D/003R,4cf5c301-aee7-5919-bd1d-dad8bf5bdad0
"SQL Database SingleDB Hyperscale - Compute DC-Series, 1 vCore, vCore, SQL Database, Databases, 1 Hour, Consumption",0.475,DZH318Z08M0D/005R,4cf5c301-aee7-5919-bd1d-dad8bf5bdad0
"SQL Database SingleDB Hyperscale - Compute DC-Series, 4 vCore, vCore, SQL Database, Databases, 1 Hour, Consumption",1.9,DZH318Z08M0D/007C,4cf5c301-aee7-5919-bd1d-dad8bf5bdad0
"SQL Database SingleDB Hyperscale - Compute DC-Series, 2 vCore, vCore, SQL Database, Databases, 1 Hour, Consumption",0.95,DZH318Z08M0D/007T,4cf5c301-aee7-5919-bd1d-dad8bf5bdad0
"SQL Database Single Standard, S3 Secondary Active, S3 Secondary Active DTUs, SQL Database, Databases, 1/Day, Consumption",4.8387,DZH318Z0BQHF/00V2,4c43072f-2450-4665-848d-3ae403c3bba6
"SQL Database Single/Elastic Pool Business Critical - Compute DC-Series, vCore, vCore, SQL Database, Databases, 1 Hour, Consumption, SQL_Database_Single_Elastic_Pool_Business_Critical_Compute_DC-Series_vCore",0.792,DZH318Z08M0G/00MQ,44d0db12-454a-57f8-862f-cd40f45979a7
"SQL Database Single/Elastic Pool Business Critical - Compute DC-Series, vCore, vCore, SQL Database, Databases, 1 Hour, Reservation, SQL_Database_Single_Elastic_Pool_Business_Critical_Compute_DC-Series_vCore, 1 Year",4507.0,DZH318Z08M0G/00NN,44d0db12-454a-57f8-862f-cd40f45979a7
"SQL Database Single/Elastic Pool Business Critical - Compute DC-Series, vCore, vCore, SQL Database, Databases, 1 Hour, Reservation, SQL_Database_Single_Elastic_Pool_Business_Critical_Compute_DC-Series_vCore, 3 Years",9361.0,DZH318Z08M0G/00NM,44d0db12-454a-57f8-862f-cd40f45979a7
"SQL Database Single Premium RS, PRS2 Secondary Active, PRS2 Secondary Active DTU, SQL Database, Databases, 1/Day, Consumption",7.5,DZH318Z0BQH0/00M0,41409266-c4cb-4e5b-a7b6-2369f446cb66
"SQL Database Single/Elastic Pool General Purpose - Compute Gen5, 20 vCore Zone Redundancy, Zone Redundancy vCore, SQL Database, Databases, 1 Hour, Consumption, SQLDB_GP_Compute_Gen5_20",2.009264,DZH318Z0BPXL/03T6,41141e40-a8ae-596b-80cb-09ded3aabb4c
"SQL Database Single/Elastic Pool General Purpose - Compute Gen5, 80 vCore Zone Redundancy, Zone Redundancy vCore, SQL Database, Databases, 1 Hour, Consumption, SQLDB_GP_Compute_Gen5_80",8.037058,DZH318Z0BPXL/03Z3,41141e40-a8ae-596b-80cb-09ded3aabb4c
"SQL Database Single/Elastic Pool General Purpose - Compute Gen5, 48 vCore Zone Redundancy, Zone Redundancy vCore, SQL Database, Databases, 1 Hour, Consumption, SQLDB_GP_Compute_Gen5_48",4.822235,DZH318Z0BPXL/04CQ,41141e40-a8ae-596b-80cb-09ded3aabb4c
"SQL Database Single/Elastic Pool General Purpose - Compute Gen5, 1 vCore Zone Redundancy, Zone Redundancy vCore, SQL Database, Databases, 1 Hour, Consumption, SQLDB_GP_Compute_Gen5_1",0.100463,DZH318Z0BPXL/042N,41141e40-a8ae-596b-80cb-09ded3aabb4c
"SQL Database Single/Elastic Pool General Purpose - Compute Gen5, 20 vCore Zone Redundancy, Zone Redundancy vCore, SQL Database, Databases, 1 Hour, Consumption, SQLDB_GP_Compute_Gen5_20",2.009264,DZH318Z0BPXL/04D9,41141e40-a8ae-596b-80cb-09ded3aabb4c
"SQL Database Single/Elastic Pool General Purpose - Compute Gen5, 6 vCore Zone Redundancy, Zone Redundancy vCore, SQL Database, Databases, 1 Hour, Consumption, SQLDB_GP_Compute_Gen5_6",0.602779,DZH318Z0BPXL/04CV,41141e40-a8ae-596b-80cb-09ded3aabb4c
"SQL Database Single/Elastic Pool General Purpose - Compute Gen5, 16 vCore Zone Redundancy, Zone Redundancy vCore, SQL Database, Databases, 1 Hour, Consumption, SQLDB_GP_Compute_Gen5_16",1.607412,DZH318Z0BPXL/042R,41141e40-a8ae-596b-80cb-09ded3aabb4c
"SQL Database Single/Elastic Pool General Purpose - Compute Gen5, 12 vCore Zone Redundancy, Zone Redundancy vCore, SQL Database, Databases, 1 Hour, Consumption, SQLDB_GP_Compute_Gen5_12",1.205559,DZH318Z0BPXL/04CT,41141e40-a8ae-596b-80cb-09ded3aabb4c
"SQL Database Single/Elastic Pool General Purpose - Compute Gen5, 18 vCore Zone Redundancy, Zone Redundancy vCore, SQL Database, Databases, 1 Hour, Consumption, SQLDB_GP_Compute_Gen5_18",1.808338,DZH318Z0BPXL/03VD,41141e40-a8ae-596b-80cb-09ded3aabb4c
"SQL Database Single/Elastic Pool General Purpose - Compute Gen5, 40 vCore Zone Redundancy, Zone Redundancy vCore, SQL Database, Databases, 1 Hour, Consumption, SQLDB_GP_Compute_Gen5_40",4.018529,DZH318Z0BPXL/04D0,41141e40-a8ae-596b-80cb-09ded3aabb4c
"SQL Database Single/Elastic Pool General Purpose - Compute Gen5, 40 vCore Zone Redundancy, Zone Redundancy vCore, SQL Database, Databases, 1 Hour, Consumption, SQLDB_GP_Compute_Gen5_40",4.018529,DZH318Z0BPXL/03S0,41141e40-a8ae-596b-80cb-09ded3aabb4c
"SQL Database Single/Elastic Pool General Purpose - Compute Gen5, 6 vCore Zone Redundancy, Zone Redundancy vCore, SQL Database, Databases, 1 Hour, Consumption, SQLDB_GP_Compute_Gen5_6",0.602779,DZH318Z0BPXL/0347,41141e40-a8ae-596b-80cb-09ded3aabb4c
"SQL Database Single/Elastic Pool General Purpose - Compute Gen5, 32 vCore Zone Redundancy, Zone Redundancy vCore, SQL Database, Databases, 1 Hour, Consumption, SQLDB_GP_Compute_Gen5_32",3.214823,DZH318Z0BPXL/04CR,41141e40-a8ae-596b-80cb-09ded3aabb4c
"SQL Database Single/Elastic Pool General Purpose - Compute Gen5, 24 vCore Zone Redundancy, Zone Redundancy vCore, SQL Database, Databases, 1 Hour, Consumption, SQLDB_GP_Compute_Gen5_24",2.411117,DZH318Z0BPXL/04F3,41141e40-a8ae-596b-80cb-09ded3aabb4c
"SQL Database Single/Elastic Pool General Purpose - Compute Gen5, 4 vCore Zone Redundancy, Zone Redundancy vCore, SQL Database, Databases, 1 Hour, Consumption, SQLDB_GP_Compute_Gen5_4",0.401853,DZH318Z0BPXL/04F4,41141e40-a8ae-596b-80cb-09ded3aabb4c
"SQL Database Single/Elastic Pool General Purpose - Compute Gen5, 1 vCore Zone Redundancy, Zone Redundancy vCore, SQL Database, Databases, 1 Hour, Consumption, SQLDB_GP_Compute_Gen5_1",0.100463,DZH318Z0BPXL/04CN,41141e40-a8ae-596b-80cb-09ded3aabb4c
"SQL Database Single/Elastic Pool General Purpose - Compute Gen5, 10 vCore Zone Redundancy, Zone Redundancy vCore, SQL Database, Databases, 1 Hour, Consumption, SQLDB_GP_Compute_Gen5_10",1.004632,DZH318Z0BPXL/04DV,41141e40-a8ae-596b-80cb-09ded3aabb4c
"SQL Database Single/Elastic Pool General Purpose - Compute Gen5, 8 vCore Zone Redundancy, Zone Redundancy vCore, SQL Database, Databases, 1 Hour, Consumption, SQLDB_GP_Compute_Gen5_8",0.803706,DZH318Z0BPXL/04F1,41141e40-a8ae-596b-80cb-09ded3aabb4c
"SQL Database Single/Elastic Pool General Purpose - Compute Gen5, 16 vCore Zone Redundancy, Zone Redundancy vCore, SQL Database, Databases, 1 Hour, Consumption, SQLDB_GP_Compute_Gen5_16",1.607412,DZH318Z0BPXL/04F6,41141e40-a8ae-596b-80cb-09ded3aabb4c
"SQL Database Single/Elastic Pool General Purpose - Compute Gen5, 14 vCore Zone Redundancy, Zone Redundancy vCore, SQL Database, Databases, 1 Hour, Consumption, SQLDB_GP_Compute_Gen5_14",1.406485,DZH318Z0BPXL/03WP,41141e40-a8ae-596b-80cb-09ded3aabb4c
"SQL Database Single/Elastic Pool General Purpose - Compute Gen5, 10 vCore Zone Redundancy, Zone Redundancy vCore, SQL Database, Databases, 1 Hour, Consumption, SQLDB_GP_Compute_Gen5_10",1.004632,DZH318Z0BPXL/03Z0,41141e40-a8ae-596b-80cb-09ded3aabb4c
"SQL Database Single/Elastic Pool General Purpose - Compute Gen5, 80 vCore Zone Redundancy, Zone Redundancy vCore, SQL Database, Databases, 1 Hour, Consumption, SQLDB_GP_Compute_Gen5_80",8.037058,DZH318Z0BPXL/04D1,41141e40-a8ae-596b-80cb-09ded3aabb4c
"SQL Database Single/Elastic Pool General Purpose - Compute Gen5, 24 vCore Zone Redundancy, Zone Redundancy vCore, SQL Database, Databases, 1 Hour, Consumption, SQLDB_GP_Compute_Gen5_24",2.411117,DZH318Z0BPXL/042K,41141e40-a8ae-596b-80cb-09ded3aabb4c
"SQL Database Single/Elastic Pool General Purpose - Compute Gen5, 4 vCore Zone Redundancy, Zone Redundancy vCore, SQL Database, Databases, 1 Hour, Consumption, SQLDB_GP_Compute_Gen5_4",0.401853,DZH318Z0BPXL/0428,41141e40-a8ae-596b-80cb-09ded3aabb4c
"SQL Database Single/Elastic Pool General Purpose - Compute Gen5, 48 vCore Zone Redundancy, Zone Redundancy vCore, SQL Database, Databases, 1 Hour, Consumption, SQLDB_GP_Compute_Gen5_48",4.822235,DZH318Z0BPXL/040T,41141e40-a8ae-596b-80cb-09ded3aabb4c
"SQL Database Single/Elastic Pool General Purpose - Compute Gen5, 2 vCore Zone Redundancy, Zone Redundancy vCore, SQL Database, Databases, 1 Hour, Consumption, SQLDB_GP_Compute_Gen5_2",0.200926,DZH318Z0BPXL/04CP,41141e40-a8ae-596b-80cb-09ded3aabb4c
"SQL Database Single/Elastic Pool General Purpose - Compute Gen5, 12 vCore Zone Redundancy, Zone Redundancy vCore, SQL Database, Databases, 1 Hour, Consumption, SQLDB_GP_Compute_Gen5_12",1.205559,DZH318Z0BPXL/03X8,41141e40-a8ae-596b-80cb-09ded3aabb4c
"SQL Database Single/Elastic Pool General Purpose - Compute Gen5, 18 vCore Zone Redundancy, Zone Redundancy vCore, SQL Database, Databases, 1 Hour, Consumption, SQLDB_GP_Compute_Gen5_18",1.808338,DZH318Z0BPXL/04DF,41141e40-a8ae-596b-80cb-09ded3aabb4c
"SQL Database Single/Elastic Pool General Purpose - Compute Gen5, 2 vCore Zone Redundancy, Zone Redundancy vCore, SQL Database, Databases, 1 Hour, Consumption, SQLDB_GP_Compute_Gen5_2",0.200926,DZH318Z0BPXL/042L,41141e40-a8ae-596b-80cb-09ded3aabb4c
"SQL Database Single/Elastic Pool General Purpose - Compute Gen5, 32 vCore Zone Redundancy, Zone Redundancy vCore, SQL Database, Databases, 1 Hour, Consumption, SQLDB_GP_Compute_Gen5_32",3.214823,DZH318Z0BPXL/042M,41141e40-a8ae-596b-80cb-09ded3aabb4c
"SQL Database Single/Elastic Pool General Purpose - Compute Gen5, 8 vCore Zone Redundancy, Zone Redundancy vCore, SQL Database, Databases, 1 Hour, Consumption, SQLDB_GP_Compute_Gen5_8",0.803706,DZH318Z0BPXL/040R,41141e40-a8ae-596b-80cb-09ded3aabb4c
"SQL Database Single/Elastic Pool General Purpose - Compute Gen5, 14 vCore Zone Redundancy, Zone Redundancy vCore, SQL Database, Databases, 1 Hour, Consumption, SQLDB_GP_Compute_Gen5_14",1.406485,DZH318Z0BPXL/04DP,41141e40-a8ae-596b-80cb-09ded3aabb4c
"SQL Database Single Premium RS, PRS1, PRS1 DTU, SQL Database, Databases, 1/Day, Consumption",3.75,DZH318Z0BQH0/00M4,404fbe77-41ec-4296-9b46-672dd7ca6007
"SQL Database Single/Elastic Pool General Purpose - Compute DC-Series, 8 vCore, vCore, SQL Database, Databases, 1 Hour, Consumption",3.166,DZH318Z08M0H/003N,40011aeb-ea1a-58f6-8830-6f97115f3bd3
"SQL Database SingleDB Hyperscale - Premium Series Memory Optimized Compute, 1 vCore, vCore, SQL Database, Databases, 1 Hour, Consumption, SQLDB_HS_Premium Memory Optimized Compute_1",0.281296,DZH318Z0B0B4/00Q7,3c16905c-8ae3-50aa-9ae9-4619ec8bfb5d
"SQL Database Single Premium, P15 Secondary, P15 Secondary DTU, SQL Database, Databases, 1/Day, Consumption",387.1,DZH318Z0BQHC/00MT,39df9b84-10b8-47da-b32a-0095e17b224e
"SQL Database Single/Elastic Pool General Purpose - Storage, General Purpose, General Purpose Data Stored - Free, SQL Database, Databases, 1 GB/Month, Consumption",0.0,DZH318Z0BQDW/000R,05ccb06d-c893-512c-86a0-6a1b6791d207
"SQL Database Single General Purpose - Serverless - Compute Gen5, 16 vCore, 16 vCore - Free, SQL Database, Databases, 1 Hour, Consumption",0.0,DZH318Z0C124/00CP,38cf83e8-97d6-59b0-9d99-2b2b9308ae12
"SQL Database Single/Elastic Pool General Purpose - Compute DC-Series, 2 vCore, vCore, SQL Database, Databases, 1 Hour, Consumption",0.792,DZH318Z08M0H/00J7,05b0d64f-460e-5471-95ef-0133260619b4
"SQL Database Elastic Pool - Premium, 125 DTU Pack, eDTUs, SQL Database, Databases, 1/Day, Consumption",22.5,DZH318Z0BQH7/01HB,34b1ff9d-ff18-4e62-af3f-9c63b26a4978
"SQL Database Elastic Pool - Premium, 250 DTU Pack, eDTUs, SQL Database, Databases, 1/Day, Consumption",45.0,DZH318Z0BQH7/01HM,34b1ff9d-ff18-4e62-af3f-9c63b26a4978
"SQL Database Elastic Pool - Premium, 1500 DTU Pack, eDTUs, SQL Database, Databases, 1/Day, Consumption",270.0,DZH318Z0BQH7/01HC,34b1ff9d-ff18-4e62-af3f-9c63b26a4978
"SQL Database Elastic Pool - Premium, 3000 DTU Pack, eDTUs, SQL Database, Databases, 1/Day, Consumption",540.0,DZH318Z0BQH7/01HJ,34b1ff9d-ff18-4e62-af3f-9c63b26a4978
"SQL Database Elastic Pool - Premium, 2500 DTU Pack, eDTUs, SQL Database, Databases, 1/Day, Consumption",450.0,DZH318Z0BQH7/01HG,34b1ff9d-ff18-4e62-af3f-9c63b26a4978
"SQL Database Elastic Pool - Premium, 3500 DTU Pack, eDTUs, SQL Database, Databases, 1/Day, Consumption",630.0,DZH318Z0BQH7/01HH,34b1ff9d-ff18-4e62-af3f-9c63b26a4978
"SQL Database Elastic Pool - Premium, 1 DTU, eDTUs, SQL Database, Databases, 1/Day, Consumption",0.18,DZH318Z0BQH7/01HL,34b1ff9d-ff18-4e62-af3f-9c63b26a4978
"SQL Database Elastic Pool - Premium, 1000 DTU Pack, eDTUs, SQL Database, Databases, 1/Day, Consumption",180.0,DZH318Z0BQH7/01H9,34b1ff9d-ff18-4e62-af3f-9c63b26a4978
"SQL Database Elastic Pool - Premium, 500 DTU Pack, eDTUs, SQL Database, Databases, 1/Day, Consumption",90.0,DZH318Z0BQH7/01HF,34b1ff9d-ff18-4e62-af3f-9c63b26a4978
"SQL Database Elastic Pool - Premium, 4000 DTU Pack, eDTUs, SQL Database, Databases, 1/Day, Consumption",720.0,DZH318Z0BQH7/01HK,34b1ff9d-ff18-4e62-af3f-9c63b26a4978
"SQL Database Elastic Pool - Premium, 2000 DTU Pack, eDTUs, SQL Database, Databases, 1/Day, Consumption",360.0,DZH318Z0BQH7/01HD,34b1ff9d-ff18-4e62-af3f-9c63b26a4978
"SQL Database Single Premium RS, PRS4, PRS4 DTU, SQL Database, Databases, 1/Day, Consumption",15.0,DZH318Z0BQH0/00M1,34713ebd-91f3-438e-82a9-c730245995f0
"SQL Database Single Premium, P6 Secondary, P6 Secondary DTU, SQL Database, Databases, 1/Day, Consumption",90.0,DZH318Z0BQHC/00LC,345ad7b8-47cf-4fbc-9817-7863abd2af4c
"SQL Database Single/Elastic Pool General Purpose - Compute DC-Series, 6 vCore, vCore, SQL Database, Databases, 1 Hour, Consumption",2.375,DZH318Z08M0H/007R,051e7581-0b19-5b59-a0c4-db63a5d89364
"SQL Database Single General Purpose - Serverless - Compute Gen5, 2 vCore, vCore, SQL Database, Databases, 1 Hour, Consumption",1.147868,DZH318Z0C124/00CK,2f5f8d96-50dc-46ff-bba9-439f40d3c124
"SQL Database Single General Purpose - Serverless - Compute Gen5, 32 vCore, vCore, SQL Database, Databases, 1 Hour, Consumption",18.365888,DZH318Z0C124/00CM,2f5f8d96-50dc-46ff-bba9-439f40d3c124
"SQL Database Single General Purpose - Serverless - Compute Gen5, 8 vCore, vCore, SQL Database, Databases, 1 Hour, Consumption",4.591472,DZH318Z0C124/00CG,2f5f8d96-50dc-46ff-bba9-439f40d3c124
"SQL Database Single General Purpose - Serverless - Compute Gen5, 4 vCore, vCore, SQL Database, Databases, 1 Hour, Consumption",2.295736,DZH318Z0C124/00CF,2f5f8d96-50dc-46ff-bba9-439f40d3c124
"SQL Database Single General Purpose - Serverless - Compute Gen5, 80 vCore, vCore, SQL Database, Databases, 1 Hour, Consumption",45.91472,DZH318Z0C124/00CJ,2f5f8d96-50dc-46ff-bba9-439f40d3c124
"SQL Database Single General Purpose - Serverless - Compute Gen5, 16 vCore, vCore, SQL Database, Databases, 1 Hour, Consumption",9.182944,DZH318Z0C124/00CP,2f5f8d96-50dc-46ff-bba9-439f40d3c124
"SQL Database Single General Purpose - Serverless - Compute Gen5, 1 vCore, vCore, SQL Database, Databases, 1 Hour, Consumption",0.573934,DZH318Z0C124/00CN,2f5f8d96-50dc-46ff-bba9-439f40d3c124
"SQL Database Single General Purpose - Serverless - Compute Gen5, 24 vCore, vCore, SQL Database, Databases, 1 Hour, Consumption",13.774416,DZH318Z0C124/00CL,2f5f8d96-50dc-46ff-bba9-439f40d3c124
"SQL Database Single General Purpose - Serverless - Compute Gen5, 48 vCore, vCore, SQL Database, Databases, 1 Hour, Consumption",27.548832,DZH318Z0C124/00CH,2f5f8d96-50dc-46ff-bba9-439f40d3c124
